# Rough black cuboid
# Units: meters
# Coordinate system: Z up, origin at bottom-face center
# Core dimensions: 0.015 x 0.015 x 0.080
# Surface style: staggered larger long-diamond-base low sharp bumps, about 0.0004 m high

mtllib black_rough_cuboid.mtl
o black_rough_cuboid

v -0.007500000 -0.007500000  0.000000000
v -0.005625000 -0.007500000  0.000000000
v -0.003750000 -0.007500000  0.000000000
v -0.001875000 -0.007500000  0.000000000
v  0.000000000 -0.007500000  0.000000000
v  0.001875000 -0.007500000  0.000000000
v  0.003750000 -0.007500000  0.000000000
v  0.005625000 -0.007500000  0.000000000
v  0.007500000 -0.007500000  0.000000000
v -0.007500000 -0.005625000  0.000000000
v -0.005625000 -0.005625000  0.000000000
v -0.003750000 -0.005625000  0.000000000
v -0.001875000 -0.005625000  0.000000000
v  0.000000000 -0.005625000  0.000000000
v  0.001875000 -0.005625000  0.000000000
v  0.003750000 -0.005625000  0.000000000
v  0.005625000 -0.005625000  0.000000000
v  0.007500000 -0.005625000  0.000000000
v -0.007500000 -0.003750000  0.000000000
v -0.005625000 -0.003750000  0.000000000
v -0.003750000 -0.003750000  0.000000000
v -0.001875000 -0.003750000  0.000000000
v  0.000000000 -0.003750000  0.000000000
v  0.001875000 -0.003750000  0.000000000
v  0.003750000 -0.003750000  0.000000000
v  0.005625000 -0.003750000  0.000000000
v  0.007500000 -0.003750000  0.000000000
v -0.007500000 -0.001875000  0.000000000
v -0.005625000 -0.001875000  0.000000000
v -0.003750000 -0.001875000  0.000000000
v -0.001875000 -0.001875000  0.000000000
v  0.000000000 -0.001875000  0.000000000
v  0.001875000 -0.001875000  0.000000000
v  0.003750000 -0.001875000  0.000000000
v  0.005625000 -0.001875000  0.000000000
v  0.007500000 -0.001875000  0.000000000
v -0.007500000  0.000000000  0.000000000
v -0.005625000  0.000000000  0.000000000
v -0.003750000  0.000000000  0.000000000
v -0.001875000  0.000000000  0.000000000
v  0.000000000  0.000000000  0.000000000
v  0.001875000  0.000000000  0.000000000
v  0.003750000  0.000000000  0.000000000
v  0.005625000  0.000000000  0.000000000
v  0.007500000  0.000000000  0.000000000
v -0.007500000  0.001875000  0.000000000
v -0.005625000  0.001875000  0.000000000
v -0.003750000  0.001875000  0.000000000
v -0.001875000  0.001875000  0.000000000
v  0.000000000  0.001875000  0.000000000
v  0.001875000  0.001875000  0.000000000
v  0.003750000  0.001875000  0.000000000
v  0.005625000  0.001875000  0.000000000
v  0.007500000  0.001875000  0.000000000
v -0.007500000  0.003750000  0.000000000
v -0.005625000  0.003750000  0.000000000
v -0.003750000  0.003750000  0.000000000
v -0.001875000  0.003750000  0.000000000
v  0.000000000  0.003750000  0.000000000
v  0.001875000  0.003750000  0.000000000
v  0.003750000  0.003750000  0.000000000
v  0.005625000  0.003750000  0.000000000
v  0.007500000  0.003750000  0.000000000
v -0.007500000  0.005625000  0.000000000
v -0.005625000  0.005625000  0.000000000
v -0.003750000  0.005625000  0.000000000
v -0.001875000  0.005625000  0.000000000
v  0.000000000  0.005625000  0.000000000
v  0.001875000  0.005625000  0.000000000
v  0.003750000  0.005625000  0.000000000
v  0.005625000  0.005625000  0.000000000
v  0.007500000  0.005625000  0.000000000
v -0.007500000  0.007500000  0.000000000
v -0.005625000  0.007500000  0.000000000
v -0.003750000  0.007500000  0.000000000
v -0.001875000  0.007500000  0.000000000
v  0.000000000  0.007500000  0.000000000
v  0.001875000  0.007500000  0.000000000
v  0.003750000  0.007500000  0.000000000
v  0.005625000  0.007500000  0.000000000
v  0.007500000  0.007500000  0.000000000
v -0.007500000 -0.007500000  0.080000000
v -0.005625000 -0.007500000  0.080000000
v -0.003750000 -0.007500000  0.080000000
v -0.001875000 -0.007500000  0.080000000
v  0.000000000 -0.007500000  0.080000000
v  0.001875000 -0.007500000  0.080000000
v  0.003750000 -0.007500000  0.080000000
v  0.005625000 -0.007500000  0.080000000
v  0.007500000 -0.007500000  0.080000000
v -0.007500000 -0.005625000  0.080000000
v -0.004687500 -0.005625000  0.080000000
v -0.002812500 -0.005625000  0.080000000
v -0.000937500 -0.005625000  0.080000000
v  0.000937500 -0.005625000  0.080000000
v  0.002812500 -0.005625000  0.080000000
v  0.004687500 -0.005625000  0.080000000
v  0.006562500 -0.005625000  0.080000000
v  0.007500000 -0.005625000  0.080000000
v -0.007500000 -0.003750000  0.080000000
v -0.005625000 -0.003750000  0.080000000
v -0.003750000 -0.003750000  0.080000000
v -0.001875000 -0.003750000  0.080000000
v  0.000000000 -0.003750000  0.080000000
v  0.001875000 -0.003750000  0.080000000
v  0.003750000 -0.003750000  0.080000000
v  0.005625000 -0.003750000  0.080000000
v  0.007500000 -0.003750000  0.080000000
v -0.007500000 -0.001875000  0.080000000
v -0.004687500 -0.001875000  0.080000000
v -0.002812500 -0.001875000  0.080000000
v -0.000937500 -0.001875000  0.080000000
v  0.000937500 -0.001875000  0.080000000
v  0.002812500 -0.001875000  0.080000000
v  0.004687500 -0.001875000  0.080000000
v  0.006562500 -0.001875000  0.080000000
v  0.007500000 -0.001875000  0.080000000
v -0.007500000  0.000000000  0.080000000
v -0.005625000  0.000000000  0.080000000
v -0.003750000  0.000000000  0.080000000
v -0.001875000  0.000000000  0.080000000
v  0.000000000  0.000000000  0.080000000
v  0.001875000  0.000000000  0.080000000
v  0.003750000  0.000000000  0.080000000
v  0.005625000  0.000000000  0.080000000
v  0.007500000  0.000000000  0.080000000
v -0.007500000  0.001875000  0.080000000
v -0.004687500  0.001875000  0.080000000
v -0.002812500  0.001875000  0.080000000
v -0.000937500  0.001875000  0.080000000
v  0.000937500  0.001875000  0.080000000
v  0.002812500  0.001875000  0.080000000
v  0.004687500  0.001875000  0.080000000
v  0.006562500  0.001875000  0.080000000
v  0.007500000  0.001875000  0.080000000
v -0.007500000  0.003750000  0.080000000
v -0.005625000  0.003750000  0.080000000
v -0.003750000  0.003750000  0.080000000
v -0.001875000  0.003750000  0.080000000
v  0.000000000  0.003750000  0.080000000
v  0.001875000  0.003750000  0.080000000
v  0.003750000  0.003750000  0.080000000
v  0.005625000  0.003750000  0.080000000
v  0.007500000  0.003750000  0.080000000
v -0.007500000  0.005625000  0.080000000
v -0.004687500  0.005625000  0.080000000
v -0.002812500  0.005625000  0.080000000
v -0.000937500  0.005625000  0.080000000
v  0.000937500  0.005625000  0.080000000
v  0.002812500  0.005625000  0.080000000
v  0.004687500  0.005625000  0.080000000
v  0.006562500  0.005625000  0.080000000
v  0.007500000  0.005625000  0.080000000
v -0.007500000  0.007500000  0.080000000
v -0.005625000  0.007500000  0.080000000
v -0.003750000  0.007500000  0.080000000
v -0.001875000  0.007500000  0.080000000
v  0.000000000  0.007500000  0.080000000
v  0.001875000  0.007500000  0.080000000
v  0.003750000  0.007500000  0.080000000
v  0.005625000  0.007500000  0.080000000
v  0.007500000  0.007500000  0.080000000
v -0.006328125 -0.006562500  0.080320000
v -0.004218750 -0.006562500  0.080440000
v -0.002343750 -0.006562500  0.080420000
v -0.000468750 -0.006562500  0.080400000
v  0.001406250 -0.006562500  0.080380000
v  0.003281250 -0.006562500  0.080360000
v  0.005156250 -0.006562500  0.080340000
v  0.006796875 -0.006562500  0.080320000
v -0.006328125 -0.004687500  0.080340000
v -0.004218750 -0.004687500  0.080320000
v -0.002343750 -0.004687500  0.080440000
v -0.000468750 -0.004687500  0.080420000
v  0.001406250 -0.004687500  0.080400000
v  0.003281250 -0.004687500  0.080380000
v  0.005156250 -0.004687500  0.080360000
v  0.006796875 -0.004687500  0.080340000
v -0.006328125 -0.002812500  0.080360000
v -0.004218750 -0.002812500  0.080340000
v -0.002343750 -0.002812500  0.080320000
v -0.000468750 -0.002812500  0.080440000
v  0.001406250 -0.002812500  0.080420000
v  0.003281250 -0.002812500  0.080400000
v  0.005156250 -0.002812500  0.080380000
v  0.006796875 -0.002812500  0.080360000
v -0.006328125 -0.000937500  0.080380000
v -0.004218750 -0.000937500  0.080360000
v -0.002343750 -0.000937500  0.080340000
v -0.000468750 -0.000937500  0.080320000
v  0.001406250 -0.000937500  0.080440000
v  0.003281250 -0.000937500  0.080420000
v  0.005156250 -0.000937500  0.080400000
v  0.006796875 -0.000937500  0.080380000
v -0.006328125  0.000937500  0.080400000
v -0.004218750  0.000937500  0.080380000
v -0.002343750  0.000937500  0.080360000
v -0.000468750  0.000937500  0.080340000
v  0.001406250  0.000937500  0.080320000
v  0.003281250  0.000937500  0.080440000
v  0.005156250  0.000937500  0.080420000
v  0.006796875  0.000937500  0.080400000
v -0.006328125  0.002812500  0.080420000
v -0.004218750  0.002812500  0.080400000
v -0.002343750  0.002812500  0.080380000
v -0.000468750  0.002812500  0.080360000
v  0.001406250  0.002812500  0.080340000
v  0.003281250  0.002812500  0.080320000
v  0.005156250  0.002812500  0.080440000
v  0.006796875  0.002812500  0.080420000
v -0.006328125  0.004687500  0.080440000
v -0.004218750  0.004687500  0.080420000
v -0.002343750  0.004687500  0.080400000
v -0.000468750  0.004687500  0.080380000
v  0.001406250  0.004687500  0.080360000
v  0.003281250  0.004687500  0.080340000
v  0.005156250  0.004687500  0.080320000
v  0.006796875  0.004687500  0.080440000
v -0.006328125  0.006562500  0.080320000
v -0.004218750  0.006562500  0.080440000
v -0.002343750  0.006562500  0.080420000
v -0.000468750  0.006562500  0.080400000
v  0.001406250  0.006562500  0.080380000
v  0.003281250  0.006562500  0.080360000
v  0.005156250  0.006562500  0.080340000
v  0.006796875  0.006562500  0.080320000
v -0.007500000 -0.007500000  0.003333333
v -0.004687500 -0.007500000  0.003333333
v -0.002812500 -0.007500000  0.003333333
v -0.000937500 -0.007500000  0.003333333
v  0.000937500 -0.007500000  0.003333333
v  0.002812500 -0.007500000  0.003333333
v  0.004687500 -0.007500000  0.003333333
v  0.006562500 -0.007500000  0.003333333
v  0.007500000 -0.007500000  0.003333333
v -0.007500000 -0.007500000  0.006666667
v -0.005625000 -0.007500000  0.006666667
v -0.003750000 -0.007500000  0.006666667
v -0.001875000 -0.007500000  0.006666667
v  0.000000000 -0.007500000  0.006666667
v  0.001875000 -0.007500000  0.006666667
v  0.003750000 -0.007500000  0.006666667
v  0.005625000 -0.007500000  0.006666667
v  0.007500000 -0.007500000  0.006666667
v -0.007500000 -0.007500000  0.010000000
v -0.004687500 -0.007500000  0.010000000
v -0.002812500 -0.007500000  0.010000000
v -0.000937500 -0.007500000  0.010000000
v  0.000937500 -0.007500000  0.010000000
v  0.002812500 -0.007500000  0.010000000
v  0.004687500 -0.007500000  0.010000000
v  0.006562500 -0.007500000  0.010000000
v  0.007500000 -0.007500000  0.010000000
v -0.007500000 -0.007500000  0.013333333
v -0.005625000 -0.007500000  0.013333333
v -0.003750000 -0.007500000  0.013333333
v -0.001875000 -0.007500000  0.013333333
v  0.000000000 -0.007500000  0.013333333
v  0.001875000 -0.007500000  0.013333333
v  0.003750000 -0.007500000  0.013333333
v  0.005625000 -0.007500000  0.013333333
v  0.007500000 -0.007500000  0.013333333
v -0.007500000 -0.007500000  0.016666667
v -0.004687500 -0.007500000  0.016666667
v -0.002812500 -0.007500000  0.016666667
v -0.000937500 -0.007500000  0.016666667
v  0.000937500 -0.007500000  0.016666667
v  0.002812500 -0.007500000  0.016666667
v  0.004687500 -0.007500000  0.016666667
v  0.006562500 -0.007500000  0.016666667
v  0.007500000 -0.007500000  0.016666667
v -0.007500000 -0.007500000  0.020000000
v -0.005625000 -0.007500000  0.020000000
v -0.003750000 -0.007500000  0.020000000
v -0.001875000 -0.007500000  0.020000000
v  0.000000000 -0.007500000  0.020000000
v  0.001875000 -0.007500000  0.020000000
v  0.003750000 -0.007500000  0.020000000
v  0.005625000 -0.007500000  0.020000000
v  0.007500000 -0.007500000  0.020000000
v -0.007500000 -0.007500000  0.023333333
v -0.004687500 -0.007500000  0.023333333
v -0.002812500 -0.007500000  0.023333333
v -0.000937500 -0.007500000  0.023333333
v  0.000937500 -0.007500000  0.023333333
v  0.002812500 -0.007500000  0.023333333
v  0.004687500 -0.007500000  0.023333333
v  0.006562500 -0.007500000  0.023333333
v  0.007500000 -0.007500000  0.023333333
v -0.007500000 -0.007500000  0.026666667
v -0.005625000 -0.007500000  0.026666667
v -0.003750000 -0.007500000  0.026666667
v -0.001875000 -0.007500000  0.026666667
v  0.000000000 -0.007500000  0.026666667
v  0.001875000 -0.007500000  0.026666667
v  0.003750000 -0.007500000  0.026666667
v  0.005625000 -0.007500000  0.026666667
v  0.007500000 -0.007500000  0.026666667
v -0.007500000 -0.007500000  0.030000000
v -0.004687500 -0.007500000  0.030000000
v -0.002812500 -0.007500000  0.030000000
v -0.000937500 -0.007500000  0.030000000
v  0.000937500 -0.007500000  0.030000000
v  0.002812500 -0.007500000  0.030000000
v  0.004687500 -0.007500000  0.030000000
v  0.006562500 -0.007500000  0.030000000
v  0.007500000 -0.007500000  0.030000000
v -0.007500000 -0.007500000  0.033333333
v -0.005625000 -0.007500000  0.033333333
v -0.003750000 -0.007500000  0.033333333
v -0.001875000 -0.007500000  0.033333333
v  0.000000000 -0.007500000  0.033333333
v  0.001875000 -0.007500000  0.033333333
v  0.003750000 -0.007500000  0.033333333
v  0.005625000 -0.007500000  0.033333333
v  0.007500000 -0.007500000  0.033333333
v -0.007500000 -0.007500000  0.036666667
v -0.004687500 -0.007500000  0.036666667
v -0.002812500 -0.007500000  0.036666667
v -0.000937500 -0.007500000  0.036666667
v  0.000937500 -0.007500000  0.036666667
v  0.002812500 -0.007500000  0.036666667
v  0.004687500 -0.007500000  0.036666667
v  0.006562500 -0.007500000  0.036666667
v  0.007500000 -0.007500000  0.036666667
v -0.007500000 -0.007500000  0.040000000
v -0.005625000 -0.007500000  0.040000000
v -0.003750000 -0.007500000  0.040000000
v -0.001875000 -0.007500000  0.040000000
v  0.000000000 -0.007500000  0.040000000
v  0.001875000 -0.007500000  0.040000000
v  0.003750000 -0.007500000  0.040000000
v  0.005625000 -0.007500000  0.040000000
v  0.007500000 -0.007500000  0.040000000
v -0.007500000 -0.007500000  0.043333333
v -0.004687500 -0.007500000  0.043333333
v -0.002812500 -0.007500000  0.043333333
v -0.000937500 -0.007500000  0.043333333
v  0.000937500 -0.007500000  0.043333333
v  0.002812500 -0.007500000  0.043333333
v  0.004687500 -0.007500000  0.043333333
v  0.006562500 -0.007500000  0.043333333
v  0.007500000 -0.007500000  0.043333333
v -0.007500000 -0.007500000  0.046666667
v -0.005625000 -0.007500000  0.046666667
v -0.003750000 -0.007500000  0.046666667
v -0.001875000 -0.007500000  0.046666667
v  0.000000000 -0.007500000  0.046666667
v  0.001875000 -0.007500000  0.046666667
v  0.003750000 -0.007500000  0.046666667
v  0.005625000 -0.007500000  0.046666667
v  0.007500000 -0.007500000  0.046666667
v -0.007500000 -0.007500000  0.050000000
v -0.004687500 -0.007500000  0.050000000
v -0.002812500 -0.007500000  0.050000000
v -0.000937500 -0.007500000  0.050000000
v  0.000937500 -0.007500000  0.050000000
v  0.002812500 -0.007500000  0.050000000
v  0.004687500 -0.007500000  0.050000000
v  0.006562500 -0.007500000  0.050000000
v  0.007500000 -0.007500000  0.050000000
v -0.007500000 -0.007500000  0.053333333
v -0.005625000 -0.007500000  0.053333333
v -0.003750000 -0.007500000  0.053333333
v -0.001875000 -0.007500000  0.053333333
v  0.000000000 -0.007500000  0.053333333
v  0.001875000 -0.007500000  0.053333333
v  0.003750000 -0.007500000  0.053333333
v  0.005625000 -0.007500000  0.053333333
v  0.007500000 -0.007500000  0.053333333
v -0.007500000 -0.007500000  0.056666667
v -0.004687500 -0.007500000  0.056666667
v -0.002812500 -0.007500000  0.056666667
v -0.000937500 -0.007500000  0.056666667
v  0.000937500 -0.007500000  0.056666667
v  0.002812500 -0.007500000  0.056666667
v  0.004687500 -0.007500000  0.056666667
v  0.006562500 -0.007500000  0.056666667
v  0.007500000 -0.007500000  0.056666667
v -0.007500000 -0.007500000  0.060000000
v -0.005625000 -0.007500000  0.060000000
v -0.003750000 -0.007500000  0.060000000
v -0.001875000 -0.007500000  0.060000000
v  0.000000000 -0.007500000  0.060000000
v  0.001875000 -0.007500000  0.060000000
v  0.003750000 -0.007500000  0.060000000
v  0.005625000 -0.007500000  0.060000000
v  0.007500000 -0.007500000  0.060000000
v -0.007500000 -0.007500000  0.063333333
v -0.004687500 -0.007500000  0.063333333
v -0.002812500 -0.007500000  0.063333333
v -0.000937500 -0.007500000  0.063333333
v  0.000937500 -0.007500000  0.063333333
v  0.002812500 -0.007500000  0.063333333
v  0.004687500 -0.007500000  0.063333333
v  0.006562500 -0.007500000  0.063333333
v  0.007500000 -0.007500000  0.063333333
v -0.007500000 -0.007500000  0.066666667
v -0.005625000 -0.007500000  0.066666667
v -0.003750000 -0.007500000  0.066666667
v -0.001875000 -0.007500000  0.066666667
v  0.000000000 -0.007500000  0.066666667
v  0.001875000 -0.007500000  0.066666667
v  0.003750000 -0.007500000  0.066666667
v  0.005625000 -0.007500000  0.066666667
v  0.007500000 -0.007500000  0.066666667
v -0.007500000 -0.007500000  0.070000000
v -0.004687500 -0.007500000  0.070000000
v -0.002812500 -0.007500000  0.070000000
v -0.000937500 -0.007500000  0.070000000
v  0.000937500 -0.007500000  0.070000000
v  0.002812500 -0.007500000  0.070000000
v  0.004687500 -0.007500000  0.070000000
v  0.006562500 -0.007500000  0.070000000
v  0.007500000 -0.007500000  0.070000000
v -0.007500000 -0.007500000  0.073333333
v -0.005625000 -0.007500000  0.073333333
v -0.003750000 -0.007500000  0.073333333
v -0.001875000 -0.007500000  0.073333333
v  0.000000000 -0.007500000  0.073333333
v  0.001875000 -0.007500000  0.073333333
v  0.003750000 -0.007500000  0.073333333
v  0.005625000 -0.007500000  0.073333333
v  0.007500000 -0.007500000  0.073333333
v -0.007500000 -0.007500000  0.076666667
v -0.004687500 -0.007500000  0.076666667
v -0.002812500 -0.007500000  0.076666667
v -0.000937500 -0.007500000  0.076666667
v  0.000937500 -0.007500000  0.076666667
v  0.002812500 -0.007500000  0.076666667
v  0.004687500 -0.007500000  0.076666667
v  0.006562500 -0.007500000  0.076666667
v  0.007500000 -0.007500000  0.076666667
v -0.006328125 -0.007820000  0.001666667
v -0.004218750 -0.007940000  0.001666667
v -0.002343750 -0.007920000  0.001666667
v -0.000468750 -0.007900000  0.001666667
v  0.001406250 -0.007880000  0.001666667
v  0.003281250 -0.007860000  0.001666667
v  0.005156250 -0.007840000  0.001666667
v  0.006796875 -0.007820000  0.001666667
v -0.006328125 -0.007840000  0.005000000
v -0.004218750 -0.007820000  0.005000000
v -0.002343750 -0.007940000  0.005000000
v -0.000468750 -0.007920000  0.005000000
v  0.001406250 -0.007900000  0.005000000
v  0.003281250 -0.007880000  0.005000000
v  0.005156250 -0.007860000  0.005000000
v  0.006796875 -0.007840000  0.005000000
v -0.006328125 -0.007860000  0.008333333
v -0.004218750 -0.007840000  0.008333333
v -0.002343750 -0.007820000  0.008333333
v -0.000468750 -0.007940000  0.008333333
v  0.001406250 -0.007920000  0.008333333
v  0.003281250 -0.007900000  0.008333333
v  0.005156250 -0.007880000  0.008333333
v  0.006796875 -0.007860000  0.008333333
v -0.006328125 -0.007880000  0.011666667
v -0.004218750 -0.007860000  0.011666667
v -0.002343750 -0.007840000  0.011666667
v -0.000468750 -0.007820000  0.011666667
v  0.001406250 -0.007940000  0.011666667
v  0.003281250 -0.007920000  0.011666667
v  0.005156250 -0.007900000  0.011666667
v  0.006796875 -0.007880000  0.011666667
v -0.006328125 -0.007900000  0.015000000
v -0.004218750 -0.007880000  0.015000000
v -0.002343750 -0.007860000  0.015000000
v -0.000468750 -0.007840000  0.015000000
v  0.001406250 -0.007820000  0.015000000
v  0.003281250 -0.007940000  0.015000000
v  0.005156250 -0.007920000  0.015000000
v  0.006796875 -0.007900000  0.015000000
v -0.006328125 -0.007920000  0.018333333
v -0.004218750 -0.007900000  0.018333333
v -0.002343750 -0.007880000  0.018333333
v -0.000468750 -0.007860000  0.018333333
v  0.001406250 -0.007840000  0.018333333
v  0.003281250 -0.007820000  0.018333333
v  0.005156250 -0.007940000  0.018333333
v  0.006796875 -0.007920000  0.018333333
v -0.006328125 -0.007940000  0.021666667
v -0.004218750 -0.007920000  0.021666667
v -0.002343750 -0.007900000  0.021666667
v -0.000468750 -0.007880000  0.021666667
v  0.001406250 -0.007860000  0.021666667
v  0.003281250 -0.007840000  0.021666667
v  0.005156250 -0.007820000  0.021666667
v  0.006796875 -0.007940000  0.021666667
v -0.006328125 -0.007820000  0.025000000
v -0.004218750 -0.007940000  0.025000000
v -0.002343750 -0.007920000  0.025000000
v -0.000468750 -0.007900000  0.025000000
v  0.001406250 -0.007880000  0.025000000
v  0.003281250 -0.007860000  0.025000000
v  0.005156250 -0.007840000  0.025000000
v  0.006796875 -0.007820000  0.025000000
v -0.006328125 -0.007840000  0.028333333
v -0.004218750 -0.007820000  0.028333333
v -0.002343750 -0.007940000  0.028333333
v -0.000468750 -0.007920000  0.028333333
v  0.001406250 -0.007900000  0.028333333
v  0.003281250 -0.007880000  0.028333333
v  0.005156250 -0.007860000  0.028333333
v  0.006796875 -0.007840000  0.028333333
v -0.006328125 -0.007860000  0.031666667
v -0.004218750 -0.007840000  0.031666667
v -0.002343750 -0.007820000  0.031666667
v -0.000468750 -0.007940000  0.031666667
v  0.001406250 -0.007920000  0.031666667
v  0.003281250 -0.007900000  0.031666667
v  0.005156250 -0.007880000  0.031666667
v  0.006796875 -0.007860000  0.031666667
v -0.006328125 -0.007880000  0.035000000
v -0.004218750 -0.007860000  0.035000000
v -0.002343750 -0.007840000  0.035000000
v -0.000468750 -0.007820000  0.035000000
v  0.001406250 -0.007940000  0.035000000
v  0.003281250 -0.007920000  0.035000000
v  0.005156250 -0.007900000  0.035000000
v  0.006796875 -0.007880000  0.035000000
v -0.006328125 -0.007900000  0.038333333
v -0.004218750 -0.007880000  0.038333333
v -0.002343750 -0.007860000  0.038333333
v -0.000468750 -0.007840000  0.038333333
v  0.001406250 -0.007820000  0.038333333
v  0.003281250 -0.007940000  0.038333333
v  0.005156250 -0.007920000  0.038333333
v  0.006796875 -0.007900000  0.038333333
v -0.006328125 -0.007920000  0.041666667
v -0.004218750 -0.007900000  0.041666667
v -0.002343750 -0.007880000  0.041666667
v -0.000468750 -0.007860000  0.041666667
v  0.001406250 -0.007840000  0.041666667
v  0.003281250 -0.007820000  0.041666667
v  0.005156250 -0.007940000  0.041666667
v  0.006796875 -0.007920000  0.041666667
v -0.006328125 -0.007940000  0.045000000
v -0.004218750 -0.007920000  0.045000000
v -0.002343750 -0.007900000  0.045000000
v -0.000468750 -0.007880000  0.045000000
v  0.001406250 -0.007860000  0.045000000
v  0.003281250 -0.007840000  0.045000000
v  0.005156250 -0.007820000  0.045000000
v  0.006796875 -0.007940000  0.045000000
v -0.006328125 -0.007820000  0.048333333
v -0.004218750 -0.007940000  0.048333333
v -0.002343750 -0.007920000  0.048333333
v -0.000468750 -0.007900000  0.048333333
v  0.001406250 -0.007880000  0.048333333
v  0.003281250 -0.007860000  0.048333333
v  0.005156250 -0.007840000  0.048333333
v  0.006796875 -0.007820000  0.048333333
v -0.006328125 -0.007840000  0.051666667
v -0.004218750 -0.007820000  0.051666667
v -0.002343750 -0.007940000  0.051666667
v -0.000468750 -0.007920000  0.051666667
v  0.001406250 -0.007900000  0.051666667
v  0.003281250 -0.007880000  0.051666667
v  0.005156250 -0.007860000  0.051666667
v  0.006796875 -0.007840000  0.051666667
v -0.006328125 -0.007860000  0.055000000
v -0.004218750 -0.007840000  0.055000000
v -0.002343750 -0.007820000  0.055000000
v -0.000468750 -0.007940000  0.055000000
v  0.001406250 -0.007920000  0.055000000
v  0.003281250 -0.007900000  0.055000000
v  0.005156250 -0.007880000  0.055000000
v  0.006796875 -0.007860000  0.055000000
v -0.006328125 -0.007880000  0.058333333
v -0.004218750 -0.007860000  0.058333333
v -0.002343750 -0.007840000  0.058333333
v -0.000468750 -0.007820000  0.058333333
v  0.001406250 -0.007940000  0.058333333
v  0.003281250 -0.007920000  0.058333333
v  0.005156250 -0.007900000  0.058333333
v  0.006796875 -0.007880000  0.058333333
v -0.006328125 -0.007900000  0.061666667
v -0.004218750 -0.007880000  0.061666667
v -0.002343750 -0.007860000  0.061666667
v -0.000468750 -0.007840000  0.061666667
v  0.001406250 -0.007820000  0.061666667
v  0.003281250 -0.007940000  0.061666667
v  0.005156250 -0.007920000  0.061666667
v  0.006796875 -0.007900000  0.061666667
v -0.006328125 -0.007920000  0.065000000
v -0.004218750 -0.007900000  0.065000000
v -0.002343750 -0.007880000  0.065000000
v -0.000468750 -0.007860000  0.065000000
v  0.001406250 -0.007840000  0.065000000
v  0.003281250 -0.007820000  0.065000000
v  0.005156250 -0.007940000  0.065000000
v  0.006796875 -0.007920000  0.065000000
v -0.006328125 -0.007940000  0.068333333
v -0.004218750 -0.007920000  0.068333333
v -0.002343750 -0.007900000  0.068333333
v -0.000468750 -0.007880000  0.068333333
v  0.001406250 -0.007860000  0.068333333
v  0.003281250 -0.007840000  0.068333333
v  0.005156250 -0.007820000  0.068333333
v  0.006796875 -0.007940000  0.068333333
v -0.006328125 -0.007820000  0.071666667
v -0.004218750 -0.007940000  0.071666667
v -0.002343750 -0.007920000  0.071666667
v -0.000468750 -0.007900000  0.071666667
v  0.001406250 -0.007880000  0.071666667
v  0.003281250 -0.007860000  0.071666667
v  0.005156250 -0.007840000  0.071666667
v  0.006796875 -0.007820000  0.071666667
v -0.006328125 -0.007840000  0.075000000
v -0.004218750 -0.007820000  0.075000000
v -0.002343750 -0.007940000  0.075000000
v -0.000468750 -0.007920000  0.075000000
v  0.001406250 -0.007900000  0.075000000
v  0.003281250 -0.007880000  0.075000000
v  0.005156250 -0.007860000  0.075000000
v  0.006796875 -0.007840000  0.075000000
v -0.006328125 -0.007860000  0.078333333
v -0.004218750 -0.007840000  0.078333333
v -0.002343750 -0.007820000  0.078333333
v -0.000468750 -0.007940000  0.078333333
v  0.001406250 -0.007920000  0.078333333
v  0.003281250 -0.007900000  0.078333333
v  0.005156250 -0.007880000  0.078333333
v  0.006796875 -0.007860000  0.078333333
v  0.007500000  0.007500000  0.003333333
v  0.004687500  0.007500000  0.003333333
v  0.002812500  0.007500000  0.003333333
v  0.000937500  0.007500000  0.003333333
v -0.000937500  0.007500000  0.003333333
v -0.002812500  0.007500000  0.003333333
v -0.004687500  0.007500000  0.003333333
v -0.006562500  0.007500000  0.003333333
v -0.007500000  0.007500000  0.003333333
v  0.007500000  0.007500000  0.006666667
v  0.005625000  0.007500000  0.006666667
v  0.003750000  0.007500000  0.006666667
v  0.001875000  0.007500000  0.006666667
v  0.000000000  0.007500000  0.006666667
v -0.001875000  0.007500000  0.006666667
v -0.003750000  0.007500000  0.006666667
v -0.005625000  0.007500000  0.006666667
v -0.007500000  0.007500000  0.006666667
v  0.007500000  0.007500000  0.010000000
v  0.004687500  0.007500000  0.010000000
v  0.002812500  0.007500000  0.010000000
v  0.000937500  0.007500000  0.010000000
v -0.000937500  0.007500000  0.010000000
v -0.002812500  0.007500000  0.010000000
v -0.004687500  0.007500000  0.010000000
v -0.006562500  0.007500000  0.010000000
v -0.007500000  0.007500000  0.010000000
v  0.007500000  0.007500000  0.013333333
v  0.005625000  0.007500000  0.013333333
v  0.003750000  0.007500000  0.013333333
v  0.001875000  0.007500000  0.013333333
v  0.000000000  0.007500000  0.013333333
v -0.001875000  0.007500000  0.013333333
v -0.003750000  0.007500000  0.013333333
v -0.005625000  0.007500000  0.013333333
v -0.007500000  0.007500000  0.013333333
v  0.007500000  0.007500000  0.016666667
v  0.004687500  0.007500000  0.016666667
v  0.002812500  0.007500000  0.016666667
v  0.000937500  0.007500000  0.016666667
v -0.000937500  0.007500000  0.016666667
v -0.002812500  0.007500000  0.016666667
v -0.004687500  0.007500000  0.016666667
v -0.006562500  0.007500000  0.016666667
v -0.007500000  0.007500000  0.016666667
v  0.007500000  0.007500000  0.020000000
v  0.005625000  0.007500000  0.020000000
v  0.003750000  0.007500000  0.020000000
v  0.001875000  0.007500000  0.020000000
v  0.000000000  0.007500000  0.020000000
v -0.001875000  0.007500000  0.020000000
v -0.003750000  0.007500000  0.020000000
v -0.005625000  0.007500000  0.020000000
v -0.007500000  0.007500000  0.020000000
v  0.007500000  0.007500000  0.023333333
v  0.004687500  0.007500000  0.023333333
v  0.002812500  0.007500000  0.023333333
v  0.000937500  0.007500000  0.023333333
v -0.000937500  0.007500000  0.023333333
v -0.002812500  0.007500000  0.023333333
v -0.004687500  0.007500000  0.023333333
v -0.006562500  0.007500000  0.023333333
v -0.007500000  0.007500000  0.023333333
v  0.007500000  0.007500000  0.026666667
v  0.005625000  0.007500000  0.026666667
v  0.003750000  0.007500000  0.026666667
v  0.001875000  0.007500000  0.026666667
v  0.000000000  0.007500000  0.026666667
v -0.001875000  0.007500000  0.026666667
v -0.003750000  0.007500000  0.026666667
v -0.005625000  0.007500000  0.026666667
v -0.007500000  0.007500000  0.026666667
v  0.007500000  0.007500000  0.030000000
v  0.004687500  0.007500000  0.030000000
v  0.002812500  0.007500000  0.030000000
v  0.000937500  0.007500000  0.030000000
v -0.000937500  0.007500000  0.030000000
v -0.002812500  0.007500000  0.030000000
v -0.004687500  0.007500000  0.030000000
v -0.006562500  0.007500000  0.030000000
v -0.007500000  0.007500000  0.030000000
v  0.007500000  0.007500000  0.033333333
v  0.005625000  0.007500000  0.033333333
v  0.003750000  0.007500000  0.033333333
v  0.001875000  0.007500000  0.033333333
v  0.000000000  0.007500000  0.033333333
v -0.001875000  0.007500000  0.033333333
v -0.003750000  0.007500000  0.033333333
v -0.005625000  0.007500000  0.033333333
v -0.007500000  0.007500000  0.033333333
v  0.007500000  0.007500000  0.036666667
v  0.004687500  0.007500000  0.036666667
v  0.002812500  0.007500000  0.036666667
v  0.000937500  0.007500000  0.036666667
v -0.000937500  0.007500000  0.036666667
v -0.002812500  0.007500000  0.036666667
v -0.004687500  0.007500000  0.036666667
v -0.006562500  0.007500000  0.036666667
v -0.007500000  0.007500000  0.036666667
v  0.007500000  0.007500000  0.040000000
v  0.005625000  0.007500000  0.040000000
v  0.003750000  0.007500000  0.040000000
v  0.001875000  0.007500000  0.040000000
v  0.000000000  0.007500000  0.040000000
v -0.001875000  0.007500000  0.040000000
v -0.003750000  0.007500000  0.040000000
v -0.005625000  0.007500000  0.040000000
v -0.007500000  0.007500000  0.040000000
v  0.007500000  0.007500000  0.043333333
v  0.004687500  0.007500000  0.043333333
v  0.002812500  0.007500000  0.043333333
v  0.000937500  0.007500000  0.043333333
v -0.000937500  0.007500000  0.043333333
v -0.002812500  0.007500000  0.043333333
v -0.004687500  0.007500000  0.043333333
v -0.006562500  0.007500000  0.043333333
v -0.007500000  0.007500000  0.043333333
v  0.007500000  0.007500000  0.046666667
v  0.005625000  0.007500000  0.046666667
v  0.003750000  0.007500000  0.046666667
v  0.001875000  0.007500000  0.046666667
v  0.000000000  0.007500000  0.046666667
v -0.001875000  0.007500000  0.046666667
v -0.003750000  0.007500000  0.046666667
v -0.005625000  0.007500000  0.046666667
v -0.007500000  0.007500000  0.046666667
v  0.007500000  0.007500000  0.050000000
v  0.004687500  0.007500000  0.050000000
v  0.002812500  0.007500000  0.050000000
v  0.000937500  0.007500000  0.050000000
v -0.000937500  0.007500000  0.050000000
v -0.002812500  0.007500000  0.050000000
v -0.004687500  0.007500000  0.050000000
v -0.006562500  0.007500000  0.050000000
v -0.007500000  0.007500000  0.050000000
v  0.007500000  0.007500000  0.053333333
v  0.005625000  0.007500000  0.053333333
v  0.003750000  0.007500000  0.053333333
v  0.001875000  0.007500000  0.053333333
v  0.000000000  0.007500000  0.053333333
v -0.001875000  0.007500000  0.053333333
v -0.003750000  0.007500000  0.053333333
v -0.005625000  0.007500000  0.053333333
v -0.007500000  0.007500000  0.053333333
v  0.007500000  0.007500000  0.056666667
v  0.004687500  0.007500000  0.056666667
v  0.002812500  0.007500000  0.056666667
v  0.000937500  0.007500000  0.056666667
v -0.000937500  0.007500000  0.056666667
v -0.002812500  0.007500000  0.056666667
v -0.004687500  0.007500000  0.056666667
v -0.006562500  0.007500000  0.056666667
v -0.007500000  0.007500000  0.056666667
v  0.007500000  0.007500000  0.060000000
v  0.005625000  0.007500000  0.060000000
v  0.003750000  0.007500000  0.060000000
v  0.001875000  0.007500000  0.060000000
v  0.000000000  0.007500000  0.060000000
v -0.001875000  0.007500000  0.060000000
v -0.003750000  0.007500000  0.060000000
v -0.005625000  0.007500000  0.060000000
v -0.007500000  0.007500000  0.060000000
v  0.007500000  0.007500000  0.063333333
v  0.004687500  0.007500000  0.063333333
v  0.002812500  0.007500000  0.063333333
v  0.000937500  0.007500000  0.063333333
v -0.000937500  0.007500000  0.063333333
v -0.002812500  0.007500000  0.063333333
v -0.004687500  0.007500000  0.063333333
v -0.006562500  0.007500000  0.063333333
v -0.007500000  0.007500000  0.063333333
v  0.007500000  0.007500000  0.066666667
v  0.005625000  0.007500000  0.066666667
v  0.003750000  0.007500000  0.066666667
v  0.001875000  0.007500000  0.066666667
v  0.000000000  0.007500000  0.066666667
v -0.001875000  0.007500000  0.066666667
v -0.003750000  0.007500000  0.066666667
v -0.005625000  0.007500000  0.066666667
v -0.007500000  0.007500000  0.066666667
v  0.007500000  0.007500000  0.070000000
v  0.004687500  0.007500000  0.070000000
v  0.002812500  0.007500000  0.070000000
v  0.000937500  0.007500000  0.070000000
v -0.000937500  0.007500000  0.070000000
v -0.002812500  0.007500000  0.070000000
v -0.004687500  0.007500000  0.070000000
v -0.006562500  0.007500000  0.070000000
v -0.007500000  0.007500000  0.070000000
v  0.007500000  0.007500000  0.073333333
v  0.005625000  0.007500000  0.073333333
v  0.003750000  0.007500000  0.073333333
v  0.001875000  0.007500000  0.073333333
v  0.000000000  0.007500000  0.073333333
v -0.001875000  0.007500000  0.073333333
v -0.003750000  0.007500000  0.073333333
v -0.005625000  0.007500000  0.073333333
v -0.007500000  0.007500000  0.073333333
v  0.007500000  0.007500000  0.076666667
v  0.004687500  0.007500000  0.076666667
v  0.002812500  0.007500000  0.076666667
v  0.000937500  0.007500000  0.076666667
v -0.000937500  0.007500000  0.076666667
v -0.002812500  0.007500000  0.076666667
v -0.004687500  0.007500000  0.076666667
v -0.006562500  0.007500000  0.076666667
v -0.007500000  0.007500000  0.076666667
v  0.006328125  0.007820000  0.001666667
v  0.004218750  0.007940000  0.001666667
v  0.002343750  0.007920000  0.001666667
v  0.000468750  0.007900000  0.001666667
v -0.001406250  0.007880000  0.001666667
v -0.003281250  0.007860000  0.001666667
v -0.005156250  0.007840000  0.001666667
v -0.006796875  0.007820000  0.001666667
v  0.006328125  0.007840000  0.005000000
v  0.004218750  0.007820000  0.005000000
v  0.002343750  0.007940000  0.005000000
v  0.000468750  0.007920000  0.005000000
v -0.001406250  0.007900000  0.005000000
v -0.003281250  0.007880000  0.005000000
v -0.005156250  0.007860000  0.005000000
v -0.006796875  0.007840000  0.005000000
v  0.006328125  0.007860000  0.008333333
v  0.004218750  0.007840000  0.008333333
v  0.002343750  0.007820000  0.008333333
v  0.000468750  0.007940000  0.008333333
v -0.001406250  0.007920000  0.008333333
v -0.003281250  0.007900000  0.008333333
v -0.005156250  0.007880000  0.008333333
v -0.006796875  0.007860000  0.008333333
v  0.006328125  0.007880000  0.011666667
v  0.004218750  0.007860000  0.011666667
v  0.002343750  0.007840000  0.011666667
v  0.000468750  0.007820000  0.011666667
v -0.001406250  0.007940000  0.011666667
v -0.003281250  0.007920000  0.011666667
v -0.005156250  0.007900000  0.011666667
v -0.006796875  0.007880000  0.011666667
v  0.006328125  0.007900000  0.015000000
v  0.004218750  0.007880000  0.015000000
v  0.002343750  0.007860000  0.015000000
v  0.000468750  0.007840000  0.015000000
v -0.001406250  0.007820000  0.015000000
v -0.003281250  0.007940000  0.015000000
v -0.005156250  0.007920000  0.015000000
v -0.006796875  0.007900000  0.015000000
v  0.006328125  0.007920000  0.018333333
v  0.004218750  0.007900000  0.018333333
v  0.002343750  0.007880000  0.018333333
v  0.000468750  0.007860000  0.018333333
v -0.001406250  0.007840000  0.018333333
v -0.003281250  0.007820000  0.018333333
v -0.005156250  0.007940000  0.018333333
v -0.006796875  0.007920000  0.018333333
v  0.006328125  0.007940000  0.021666667
v  0.004218750  0.007920000  0.021666667
v  0.002343750  0.007900000  0.021666667
v  0.000468750  0.007880000  0.021666667
v -0.001406250  0.007860000  0.021666667
v -0.003281250  0.007840000  0.021666667
v -0.005156250  0.007820000  0.021666667
v -0.006796875  0.007940000  0.021666667
v  0.006328125  0.007820000  0.025000000
v  0.004218750  0.007940000  0.025000000
v  0.002343750  0.007920000  0.025000000
v  0.000468750  0.007900000  0.025000000
v -0.001406250  0.007880000  0.025000000
v -0.003281250  0.007860000  0.025000000
v -0.005156250  0.007840000  0.025000000
v -0.006796875  0.007820000  0.025000000
v  0.006328125  0.007840000  0.028333333
v  0.004218750  0.007820000  0.028333333
v  0.002343750  0.007940000  0.028333333
v  0.000468750  0.007920000  0.028333333
v -0.001406250  0.007900000  0.028333333
v -0.003281250  0.007880000  0.028333333
v -0.005156250  0.007860000  0.028333333
v -0.006796875  0.007840000  0.028333333
v  0.006328125  0.007860000  0.031666667
v  0.004218750  0.007840000  0.031666667
v  0.002343750  0.007820000  0.031666667
v  0.000468750  0.007940000  0.031666667
v -0.001406250  0.007920000  0.031666667
v -0.003281250  0.007900000  0.031666667
v -0.005156250  0.007880000  0.031666667
v -0.006796875  0.007860000  0.031666667
v  0.006328125  0.007880000  0.035000000
v  0.004218750  0.007860000  0.035000000
v  0.002343750  0.007840000  0.035000000
v  0.000468750  0.007820000  0.035000000
v -0.001406250  0.007940000  0.035000000
v -0.003281250  0.007920000  0.035000000
v -0.005156250  0.007900000  0.035000000
v -0.006796875  0.007880000  0.035000000
v  0.006328125  0.007900000  0.038333333
v  0.004218750  0.007880000  0.038333333
v  0.002343750  0.007860000  0.038333333
v  0.000468750  0.007840000  0.038333333
v -0.001406250  0.007820000  0.038333333
v -0.003281250  0.007940000  0.038333333
v -0.005156250  0.007920000  0.038333333
v -0.006796875  0.007900000  0.038333333
v  0.006328125  0.007920000  0.041666667
v  0.004218750  0.007900000  0.041666667
v  0.002343750  0.007880000  0.041666667
v  0.000468750  0.007860000  0.041666667
v -0.001406250  0.007840000  0.041666667
v -0.003281250  0.007820000  0.041666667
v -0.005156250  0.007940000  0.041666667
v -0.006796875  0.007920000  0.041666667
v  0.006328125  0.007940000  0.045000000
v  0.004218750  0.007920000  0.045000000
v  0.002343750  0.007900000  0.045000000
v  0.000468750  0.007880000  0.045000000
v -0.001406250  0.007860000  0.045000000
v -0.003281250  0.007840000  0.045000000
v -0.005156250  0.007820000  0.045000000
v -0.006796875  0.007940000  0.045000000
v  0.006328125  0.007820000  0.048333333
v  0.004218750  0.007940000  0.048333333
v  0.002343750  0.007920000  0.048333333
v  0.000468750  0.007900000  0.048333333
v -0.001406250  0.007880000  0.048333333
v -0.003281250  0.007860000  0.048333333
v -0.005156250  0.007840000  0.048333333
v -0.006796875  0.007820000  0.048333333
v  0.006328125  0.007840000  0.051666667
v  0.004218750  0.007820000  0.051666667
v  0.002343750  0.007940000  0.051666667
v  0.000468750  0.007920000  0.051666667
v -0.001406250  0.007900000  0.051666667
v -0.003281250  0.007880000  0.051666667
v -0.005156250  0.007860000  0.051666667
v -0.006796875  0.007840000  0.051666667
v  0.006328125  0.007860000  0.055000000
v  0.004218750  0.007840000  0.055000000
v  0.002343750  0.007820000  0.055000000
v  0.000468750  0.007940000  0.055000000
v -0.001406250  0.007920000  0.055000000
v -0.003281250  0.007900000  0.055000000
v -0.005156250  0.007880000  0.055000000
v -0.006796875  0.007860000  0.055000000
v  0.006328125  0.007880000  0.058333333
v  0.004218750  0.007860000  0.058333333
v  0.002343750  0.007840000  0.058333333
v  0.000468750  0.007820000  0.058333333
v -0.001406250  0.007940000  0.058333333
v -0.003281250  0.007920000  0.058333333
v -0.005156250  0.007900000  0.058333333
v -0.006796875  0.007880000  0.058333333
v  0.006328125  0.007900000  0.061666667
v  0.004218750  0.007880000  0.061666667
v  0.002343750  0.007860000  0.061666667
v  0.000468750  0.007840000  0.061666667
v -0.001406250  0.007820000  0.061666667
v -0.003281250  0.007940000  0.061666667
v -0.005156250  0.007920000  0.061666667
v -0.006796875  0.007900000  0.061666667
v  0.006328125  0.007920000  0.065000000
v  0.004218750  0.007900000  0.065000000
v  0.002343750  0.007880000  0.065000000
v  0.000468750  0.007860000  0.065000000
v -0.001406250  0.007840000  0.065000000
v -0.003281250  0.007820000  0.065000000
v -0.005156250  0.007940000  0.065000000
v -0.006796875  0.007920000  0.065000000
v  0.006328125  0.007940000  0.068333333
v  0.004218750  0.007920000  0.068333333
v  0.002343750  0.007900000  0.068333333
v  0.000468750  0.007880000  0.068333333
v -0.001406250  0.007860000  0.068333333
v -0.003281250  0.007840000  0.068333333
v -0.005156250  0.007820000  0.068333333
v -0.006796875  0.007940000  0.068333333
v  0.006328125  0.007820000  0.071666667
v  0.004218750  0.007940000  0.071666667
v  0.002343750  0.007920000  0.071666667
v  0.000468750  0.007900000  0.071666667
v -0.001406250  0.007880000  0.071666667
v -0.003281250  0.007860000  0.071666667
v -0.005156250  0.007840000  0.071666667
v -0.006796875  0.007820000  0.071666667
v  0.006328125  0.007840000  0.075000000
v  0.004218750  0.007820000  0.075000000
v  0.002343750  0.007940000  0.075000000
v  0.000468750  0.007920000  0.075000000
v -0.001406250  0.007900000  0.075000000
v -0.003281250  0.007880000  0.075000000
v -0.005156250  0.007860000  0.075000000
v -0.006796875  0.007840000  0.075000000
v  0.006328125  0.007860000  0.078333333
v  0.004218750  0.007840000  0.078333333
v  0.002343750  0.007820000  0.078333333
v  0.000468750  0.007940000  0.078333333
v -0.001406250  0.007920000  0.078333333
v -0.003281250  0.007900000  0.078333333
v -0.005156250  0.007880000  0.078333333
v -0.006796875  0.007860000  0.078333333
v  0.007500000 -0.004687500  0.003333333
v  0.007500000 -0.002812500  0.003333333
v  0.007500000 -0.000937500  0.003333333
v  0.007500000  0.000937500  0.003333333
v  0.007500000  0.002812500  0.003333333
v  0.007500000  0.004687500  0.003333333
v  0.007500000  0.006562500  0.003333333
v  0.007500000 -0.005625000  0.006666667
v  0.007500000 -0.003750000  0.006666667
v  0.007500000 -0.001875000  0.006666667
v  0.007500000  0.000000000  0.006666667
v  0.007500000  0.001875000  0.006666667
v  0.007500000  0.003750000  0.006666667
v  0.007500000  0.005625000  0.006666667
v  0.007500000 -0.004687500  0.010000000
v  0.007500000 -0.002812500  0.010000000
v  0.007500000 -0.000937500  0.010000000
v  0.007500000  0.000937500  0.010000000
v  0.007500000  0.002812500  0.010000000
v  0.007500000  0.004687500  0.010000000
v  0.007500000  0.006562500  0.010000000
v  0.007500000 -0.005625000  0.013333333
v  0.007500000 -0.003750000  0.013333333
v  0.007500000 -0.001875000  0.013333333
v  0.007500000  0.000000000  0.013333333
v  0.007500000  0.001875000  0.013333333
v  0.007500000  0.003750000  0.013333333
v  0.007500000  0.005625000  0.013333333
v  0.007500000 -0.004687500  0.016666667
v  0.007500000 -0.002812500  0.016666667
v  0.007500000 -0.000937500  0.016666667
v  0.007500000  0.000937500  0.016666667
v  0.007500000  0.002812500  0.016666667
v  0.007500000  0.004687500  0.016666667
v  0.007500000  0.006562500  0.016666667
v  0.007500000 -0.005625000  0.020000000
v  0.007500000 -0.003750000  0.020000000
v  0.007500000 -0.001875000  0.020000000
v  0.007500000  0.000000000  0.020000000
v  0.007500000  0.001875000  0.020000000
v  0.007500000  0.003750000  0.020000000
v  0.007500000  0.005625000  0.020000000
v  0.007500000 -0.004687500  0.023333333
v  0.007500000 -0.002812500  0.023333333
v  0.007500000 -0.000937500  0.023333333
v  0.007500000  0.000937500  0.023333333
v  0.007500000  0.002812500  0.023333333
v  0.007500000  0.004687500  0.023333333
v  0.007500000  0.006562500  0.023333333
v  0.007500000 -0.005625000  0.026666667
v  0.007500000 -0.003750000  0.026666667
v  0.007500000 -0.001875000  0.026666667
v  0.007500000  0.000000000  0.026666667
v  0.007500000  0.001875000  0.026666667
v  0.007500000  0.003750000  0.026666667
v  0.007500000  0.005625000  0.026666667
v  0.007500000 -0.004687500  0.030000000
v  0.007500000 -0.002812500  0.030000000
v  0.007500000 -0.000937500  0.030000000
v  0.007500000  0.000937500  0.030000000
v  0.007500000  0.002812500  0.030000000
v  0.007500000  0.004687500  0.030000000
v  0.007500000  0.006562500  0.030000000
v  0.007500000 -0.005625000  0.033333333
v  0.007500000 -0.003750000  0.033333333
v  0.007500000 -0.001875000  0.033333333
v  0.007500000  0.000000000  0.033333333
v  0.007500000  0.001875000  0.033333333
v  0.007500000  0.003750000  0.033333333
v  0.007500000  0.005625000  0.033333333
v  0.007500000 -0.004687500  0.036666667
v  0.007500000 -0.002812500  0.036666667
v  0.007500000 -0.000937500  0.036666667
v  0.007500000  0.000937500  0.036666667
v  0.007500000  0.002812500  0.036666667
v  0.007500000  0.004687500  0.036666667
v  0.007500000  0.006562500  0.036666667
v  0.007500000 -0.005625000  0.040000000
v  0.007500000 -0.003750000  0.040000000
v  0.007500000 -0.001875000  0.040000000
v  0.007500000  0.000000000  0.040000000
v  0.007500000  0.001875000  0.040000000
v  0.007500000  0.003750000  0.040000000
v  0.007500000  0.005625000  0.040000000
v  0.007500000 -0.004687500  0.043333333
v  0.007500000 -0.002812500  0.043333333
v  0.007500000 -0.000937500  0.043333333
v  0.007500000  0.000937500  0.043333333
v  0.007500000  0.002812500  0.043333333
v  0.007500000  0.004687500  0.043333333
v  0.007500000  0.006562500  0.043333333
v  0.007500000 -0.005625000  0.046666667
v  0.007500000 -0.003750000  0.046666667
v  0.007500000 -0.001875000  0.046666667
v  0.007500000  0.000000000  0.046666667
v  0.007500000  0.001875000  0.046666667
v  0.007500000  0.003750000  0.046666667
v  0.007500000  0.005625000  0.046666667
v  0.007500000 -0.004687500  0.050000000
v  0.007500000 -0.002812500  0.050000000
v  0.007500000 -0.000937500  0.050000000
v  0.007500000  0.000937500  0.050000000
v  0.007500000  0.002812500  0.050000000
v  0.007500000  0.004687500  0.050000000
v  0.007500000  0.006562500  0.050000000
v  0.007500000 -0.005625000  0.053333333
v  0.007500000 -0.003750000  0.053333333
v  0.007500000 -0.001875000  0.053333333
v  0.007500000  0.000000000  0.053333333
v  0.007500000  0.001875000  0.053333333
v  0.007500000  0.003750000  0.053333333
v  0.007500000  0.005625000  0.053333333
v  0.007500000 -0.004687500  0.056666667
v  0.007500000 -0.002812500  0.056666667
v  0.007500000 -0.000937500  0.056666667
v  0.007500000  0.000937500  0.056666667
v  0.007500000  0.002812500  0.056666667
v  0.007500000  0.004687500  0.056666667
v  0.007500000  0.006562500  0.056666667
v  0.007500000 -0.005625000  0.060000000
v  0.007500000 -0.003750000  0.060000000
v  0.007500000 -0.001875000  0.060000000
v  0.007500000  0.000000000  0.060000000
v  0.007500000  0.001875000  0.060000000
v  0.007500000  0.003750000  0.060000000
v  0.007500000  0.005625000  0.060000000
v  0.007500000 -0.004687500  0.063333333
v  0.007500000 -0.002812500  0.063333333
v  0.007500000 -0.000937500  0.063333333
v  0.007500000  0.000937500  0.063333333
v  0.007500000  0.002812500  0.063333333
v  0.007500000  0.004687500  0.063333333
v  0.007500000  0.006562500  0.063333333
v  0.007500000 -0.005625000  0.066666667
v  0.007500000 -0.003750000  0.066666667
v  0.007500000 -0.001875000  0.066666667
v  0.007500000  0.000000000  0.066666667
v  0.007500000  0.001875000  0.066666667
v  0.007500000  0.003750000  0.066666667
v  0.007500000  0.005625000  0.066666667
v  0.007500000 -0.004687500  0.070000000
v  0.007500000 -0.002812500  0.070000000
v  0.007500000 -0.000937500  0.070000000
v  0.007500000  0.000937500  0.070000000
v  0.007500000  0.002812500  0.070000000
v  0.007500000  0.004687500  0.070000000
v  0.007500000  0.006562500  0.070000000
v  0.007500000 -0.005625000  0.073333333
v  0.007500000 -0.003750000  0.073333333
v  0.007500000 -0.001875000  0.073333333
v  0.007500000  0.000000000  0.073333333
v  0.007500000  0.001875000  0.073333333
v  0.007500000  0.003750000  0.073333333
v  0.007500000  0.005625000  0.073333333
v  0.007500000 -0.004687500  0.076666667
v  0.007500000 -0.002812500  0.076666667
v  0.007500000 -0.000937500  0.076666667
v  0.007500000  0.000937500  0.076666667
v  0.007500000  0.002812500  0.076666667
v  0.007500000  0.004687500  0.076666667
v  0.007500000  0.006562500  0.076666667
v  0.007820000 -0.006328125  0.001666667
v  0.007940000 -0.004218750  0.001666667
v  0.007920000 -0.002343750  0.001666667
v  0.007900000 -0.000468750  0.001666667
v  0.007880000  0.001406250  0.001666667
v  0.007860000  0.003281250  0.001666667
v  0.007840000  0.005156250  0.001666667
v  0.007820000  0.006796875  0.001666667
v  0.007840000 -0.006328125  0.005000000
v  0.007820000 -0.004218750  0.005000000
v  0.007940000 -0.002343750  0.005000000
v  0.007920000 -0.000468750  0.005000000
v  0.007900000  0.001406250  0.005000000
v  0.007880000  0.003281250  0.005000000
v  0.007860000  0.005156250  0.005000000
v  0.007840000  0.006796875  0.005000000
v  0.007860000 -0.006328125  0.008333333
v  0.007840000 -0.004218750  0.008333333
v  0.007820000 -0.002343750  0.008333333
v  0.007940000 -0.000468750  0.008333333
v  0.007920000  0.001406250  0.008333333
v  0.007900000  0.003281250  0.008333333
v  0.007880000  0.005156250  0.008333333
v  0.007860000  0.006796875  0.008333333
v  0.007880000 -0.006328125  0.011666667
v  0.007860000 -0.004218750  0.011666667
v  0.007840000 -0.002343750  0.011666667
v  0.007820000 -0.000468750  0.011666667
v  0.007940000  0.001406250  0.011666667
v  0.007920000  0.003281250  0.011666667
v  0.007900000  0.005156250  0.011666667
v  0.007880000  0.006796875  0.011666667
v  0.007900000 -0.006328125  0.015000000
v  0.007880000 -0.004218750  0.015000000
v  0.007860000 -0.002343750  0.015000000
v  0.007840000 -0.000468750  0.015000000
v  0.007820000  0.001406250  0.015000000
v  0.007940000  0.003281250  0.015000000
v  0.007920000  0.005156250  0.015000000
v  0.007900000  0.006796875  0.015000000
v  0.007920000 -0.006328125  0.018333333
v  0.007900000 -0.004218750  0.018333333
v  0.007880000 -0.002343750  0.018333333
v  0.007860000 -0.000468750  0.018333333
v  0.007840000  0.001406250  0.018333333
v  0.007820000  0.003281250  0.018333333
v  0.007940000  0.005156250  0.018333333
v  0.007920000  0.006796875  0.018333333
v  0.007940000 -0.006328125  0.021666667
v  0.007920000 -0.004218750  0.021666667
v  0.007900000 -0.002343750  0.021666667
v  0.007880000 -0.000468750  0.021666667
v  0.007860000  0.001406250  0.021666667
v  0.007840000  0.003281250  0.021666667
v  0.007820000  0.005156250  0.021666667
v  0.007940000  0.006796875  0.021666667
v  0.007820000 -0.006328125  0.025000000
v  0.007940000 -0.004218750  0.025000000
v  0.007920000 -0.002343750  0.025000000
v  0.007900000 -0.000468750  0.025000000
v  0.007880000  0.001406250  0.025000000
v  0.007860000  0.003281250  0.025000000
v  0.007840000  0.005156250  0.025000000
v  0.007820000  0.006796875  0.025000000
v  0.007840000 -0.006328125  0.028333333
v  0.007820000 -0.004218750  0.028333333
v  0.007940000 -0.002343750  0.028333333
v  0.007920000 -0.000468750  0.028333333
v  0.007900000  0.001406250  0.028333333
v  0.007880000  0.003281250  0.028333333
v  0.007860000  0.005156250  0.028333333
v  0.007840000  0.006796875  0.028333333
v  0.007860000 -0.006328125  0.031666667
v  0.007840000 -0.004218750  0.031666667
v  0.007820000 -0.002343750  0.031666667
v  0.007940000 -0.000468750  0.031666667
v  0.007920000  0.001406250  0.031666667
v  0.007900000  0.003281250  0.031666667
v  0.007880000  0.005156250  0.031666667
v  0.007860000  0.006796875  0.031666667
v  0.007880000 -0.006328125  0.035000000
v  0.007860000 -0.004218750  0.035000000
v  0.007840000 -0.002343750  0.035000000
v  0.007820000 -0.000468750  0.035000000
v  0.007940000  0.001406250  0.035000000
v  0.007920000  0.003281250  0.035000000
v  0.007900000  0.005156250  0.035000000
v  0.007880000  0.006796875  0.035000000
v  0.007900000 -0.006328125  0.038333333
v  0.007880000 -0.004218750  0.038333333
v  0.007860000 -0.002343750  0.038333333
v  0.007840000 -0.000468750  0.038333333
v  0.007820000  0.001406250  0.038333333
v  0.007940000  0.003281250  0.038333333
v  0.007920000  0.005156250  0.038333333
v  0.007900000  0.006796875  0.038333333
v  0.007920000 -0.006328125  0.041666667
v  0.007900000 -0.004218750  0.041666667
v  0.007880000 -0.002343750  0.041666667
v  0.007860000 -0.000468750  0.041666667
v  0.007840000  0.001406250  0.041666667
v  0.007820000  0.003281250  0.041666667
v  0.007940000  0.005156250  0.041666667
v  0.007920000  0.006796875  0.041666667
v  0.007940000 -0.006328125  0.045000000
v  0.007920000 -0.004218750  0.045000000
v  0.007900000 -0.002343750  0.045000000
v  0.007880000 -0.000468750  0.045000000
v  0.007860000  0.001406250  0.045000000
v  0.007840000  0.003281250  0.045000000
v  0.007820000  0.005156250  0.045000000
v  0.007940000  0.006796875  0.045000000
v  0.007820000 -0.006328125  0.048333333
v  0.007940000 -0.004218750  0.048333333
v  0.007920000 -0.002343750  0.048333333
v  0.007900000 -0.000468750  0.048333333
v  0.007880000  0.001406250  0.048333333
v  0.007860000  0.003281250  0.048333333
v  0.007840000  0.005156250  0.048333333
v  0.007820000  0.006796875  0.048333333
v  0.007840000 -0.006328125  0.051666667
v  0.007820000 -0.004218750  0.051666667
v  0.007940000 -0.002343750  0.051666667
v  0.007920000 -0.000468750  0.051666667
v  0.007900000  0.001406250  0.051666667
v  0.007880000  0.003281250  0.051666667
v  0.007860000  0.005156250  0.051666667
v  0.007840000  0.006796875  0.051666667
v  0.007860000 -0.006328125  0.055000000
v  0.007840000 -0.004218750  0.055000000
v  0.007820000 -0.002343750  0.055000000
v  0.007940000 -0.000468750  0.055000000
v  0.007920000  0.001406250  0.055000000
v  0.007900000  0.003281250  0.055000000
v  0.007880000  0.005156250  0.055000000
v  0.007860000  0.006796875  0.055000000
v  0.007880000 -0.006328125  0.058333333
v  0.007860000 -0.004218750  0.058333333
v  0.007840000 -0.002343750  0.058333333
v  0.007820000 -0.000468750  0.058333333
v  0.007940000  0.001406250  0.058333333
v  0.007920000  0.003281250  0.058333333
v  0.007900000  0.005156250  0.058333333
v  0.007880000  0.006796875  0.058333333
v  0.007900000 -0.006328125  0.061666667
v  0.007880000 -0.004218750  0.061666667
v  0.007860000 -0.002343750  0.061666667
v  0.007840000 -0.000468750  0.061666667
v  0.007820000  0.001406250  0.061666667
v  0.007940000  0.003281250  0.061666667
v  0.007920000  0.005156250  0.061666667
v  0.007900000  0.006796875  0.061666667
v  0.007920000 -0.006328125  0.065000000
v  0.007900000 -0.004218750  0.065000000
v  0.007880000 -0.002343750  0.065000000
v  0.007860000 -0.000468750  0.065000000
v  0.007840000  0.001406250  0.065000000
v  0.007820000  0.003281250  0.065000000
v  0.007940000  0.005156250  0.065000000
v  0.007920000  0.006796875  0.065000000
v  0.007940000 -0.006328125  0.068333333
v  0.007920000 -0.004218750  0.068333333
v  0.007900000 -0.002343750  0.068333333
v  0.007880000 -0.000468750  0.068333333
v  0.007860000  0.001406250  0.068333333
v  0.007840000  0.003281250  0.068333333
v  0.007820000  0.005156250  0.068333333
v  0.007940000  0.006796875  0.068333333
v  0.007820000 -0.006328125  0.071666667
v  0.007940000 -0.004218750  0.071666667
v  0.007920000 -0.002343750  0.071666667
v  0.007900000 -0.000468750  0.071666667
v  0.007880000  0.001406250  0.071666667
v  0.007860000  0.003281250  0.071666667
v  0.007840000  0.005156250  0.071666667
v  0.007820000  0.006796875  0.071666667
v  0.007840000 -0.006328125  0.075000000
v  0.007820000 -0.004218750  0.075000000
v  0.007940000 -0.002343750  0.075000000
v  0.007920000 -0.000468750  0.075000000
v  0.007900000  0.001406250  0.075000000
v  0.007880000  0.003281250  0.075000000
v  0.007860000  0.005156250  0.075000000
v  0.007840000  0.006796875  0.075000000
v  0.007860000 -0.006328125  0.078333333
v  0.007840000 -0.004218750  0.078333333
v  0.007820000 -0.002343750  0.078333333
v  0.007940000 -0.000468750  0.078333333
v  0.007920000  0.001406250  0.078333333
v  0.007900000  0.003281250  0.078333333
v  0.007880000  0.005156250  0.078333333
v  0.007860000  0.006796875  0.078333333
v -0.007500000  0.004687500  0.003333333
v -0.007500000  0.002812500  0.003333333
v -0.007500000  0.000937500  0.003333333
v -0.007500000 -0.000937500  0.003333333
v -0.007500000 -0.002812500  0.003333333
v -0.007500000 -0.004687500  0.003333333
v -0.007500000 -0.006562500  0.003333333
v -0.007500000  0.005625000  0.006666667
v -0.007500000  0.003750000  0.006666667
v -0.007500000  0.001875000  0.006666667
v -0.007500000  0.000000000  0.006666667
v -0.007500000 -0.001875000  0.006666667
v -0.007500000 -0.003750000  0.006666667
v -0.007500000 -0.005625000  0.006666667
v -0.007500000  0.004687500  0.010000000
v -0.007500000  0.002812500  0.010000000
v -0.007500000  0.000937500  0.010000000
v -0.007500000 -0.000937500  0.010000000
v -0.007500000 -0.002812500  0.010000000
v -0.007500000 -0.004687500  0.010000000
v -0.007500000 -0.006562500  0.010000000
v -0.007500000  0.005625000  0.013333333
v -0.007500000  0.003750000  0.013333333
v -0.007500000  0.001875000  0.013333333
v -0.007500000  0.000000000  0.013333333
v -0.007500000 -0.001875000  0.013333333
v -0.007500000 -0.003750000  0.013333333
v -0.007500000 -0.005625000  0.013333333
v -0.007500000  0.004687500  0.016666667
v -0.007500000  0.002812500  0.016666667
v -0.007500000  0.000937500  0.016666667
v -0.007500000 -0.000937500  0.016666667
v -0.007500000 -0.002812500  0.016666667
v -0.007500000 -0.004687500  0.016666667
v -0.007500000 -0.006562500  0.016666667
v -0.007500000  0.005625000  0.020000000
v -0.007500000  0.003750000  0.020000000
v -0.007500000  0.001875000  0.020000000
v -0.007500000  0.000000000  0.020000000
v -0.007500000 -0.001875000  0.020000000
v -0.007500000 -0.003750000  0.020000000
v -0.007500000 -0.005625000  0.020000000
v -0.007500000  0.004687500  0.023333333
v -0.007500000  0.002812500  0.023333333
v -0.007500000  0.000937500  0.023333333
v -0.007500000 -0.000937500  0.023333333
v -0.007500000 -0.002812500  0.023333333
v -0.007500000 -0.004687500  0.023333333
v -0.007500000 -0.006562500  0.023333333
v -0.007500000  0.005625000  0.026666667
v -0.007500000  0.003750000  0.026666667
v -0.007500000  0.001875000  0.026666667
v -0.007500000  0.000000000  0.026666667
v -0.007500000 -0.001875000  0.026666667
v -0.007500000 -0.003750000  0.026666667
v -0.007500000 -0.005625000  0.026666667
v -0.007500000  0.004687500  0.030000000
v -0.007500000  0.002812500  0.030000000
v -0.007500000  0.000937500  0.030000000
v -0.007500000 -0.000937500  0.030000000
v -0.007500000 -0.002812500  0.030000000
v -0.007500000 -0.004687500  0.030000000
v -0.007500000 -0.006562500  0.030000000
v -0.007500000  0.005625000  0.033333333
v -0.007500000  0.003750000  0.033333333
v -0.007500000  0.001875000  0.033333333
v -0.007500000  0.000000000  0.033333333
v -0.007500000 -0.001875000  0.033333333
v -0.007500000 -0.003750000  0.033333333
v -0.007500000 -0.005625000  0.033333333
v -0.007500000  0.004687500  0.036666667
v -0.007500000  0.002812500  0.036666667
v -0.007500000  0.000937500  0.036666667
v -0.007500000 -0.000937500  0.036666667
v -0.007500000 -0.002812500  0.036666667
v -0.007500000 -0.004687500  0.036666667
v -0.007500000 -0.006562500  0.036666667
v -0.007500000  0.005625000  0.040000000
v -0.007500000  0.003750000  0.040000000
v -0.007500000  0.001875000  0.040000000
v -0.007500000  0.000000000  0.040000000
v -0.007500000 -0.001875000  0.040000000
v -0.007500000 -0.003750000  0.040000000
v -0.007500000 -0.005625000  0.040000000
v -0.007500000  0.004687500  0.043333333
v -0.007500000  0.002812500  0.043333333
v -0.007500000  0.000937500  0.043333333
v -0.007500000 -0.000937500  0.043333333
v -0.007500000 -0.002812500  0.043333333
v -0.007500000 -0.004687500  0.043333333
v -0.007500000 -0.006562500  0.043333333
v -0.007500000  0.005625000  0.046666667
v -0.007500000  0.003750000  0.046666667
v -0.007500000  0.001875000  0.046666667
v -0.007500000  0.000000000  0.046666667
v -0.007500000 -0.001875000  0.046666667
v -0.007500000 -0.003750000  0.046666667
v -0.007500000 -0.005625000  0.046666667
v -0.007500000  0.004687500  0.050000000
v -0.007500000  0.002812500  0.050000000
v -0.007500000  0.000937500  0.050000000
v -0.007500000 -0.000937500  0.050000000
v -0.007500000 -0.002812500  0.050000000
v -0.007500000 -0.004687500  0.050000000
v -0.007500000 -0.006562500  0.050000000
v -0.007500000  0.005625000  0.053333333
v -0.007500000  0.003750000  0.053333333
v -0.007500000  0.001875000  0.053333333
v -0.007500000  0.000000000  0.053333333
v -0.007500000 -0.001875000  0.053333333
v -0.007500000 -0.003750000  0.053333333
v -0.007500000 -0.005625000  0.053333333
v -0.007500000  0.004687500  0.056666667
v -0.007500000  0.002812500  0.056666667
v -0.007500000  0.000937500  0.056666667
v -0.007500000 -0.000937500  0.056666667
v -0.007500000 -0.002812500  0.056666667
v -0.007500000 -0.004687500  0.056666667
v -0.007500000 -0.006562500  0.056666667
v -0.007500000  0.005625000  0.060000000
v -0.007500000  0.003750000  0.060000000
v -0.007500000  0.001875000  0.060000000
v -0.007500000  0.000000000  0.060000000
v -0.007500000 -0.001875000  0.060000000
v -0.007500000 -0.003750000  0.060000000
v -0.007500000 -0.005625000  0.060000000
v -0.007500000  0.004687500  0.063333333
v -0.007500000  0.002812500  0.063333333
v -0.007500000  0.000937500  0.063333333
v -0.007500000 -0.000937500  0.063333333
v -0.007500000 -0.002812500  0.063333333
v -0.007500000 -0.004687500  0.063333333
v -0.007500000 -0.006562500  0.063333333
v -0.007500000  0.005625000  0.066666667
v -0.007500000  0.003750000  0.066666667
v -0.007500000  0.001875000  0.066666667
v -0.007500000  0.000000000  0.066666667
v -0.007500000 -0.001875000  0.066666667
v -0.007500000 -0.003750000  0.066666667
v -0.007500000 -0.005625000  0.066666667
v -0.007500000  0.004687500  0.070000000
v -0.007500000  0.002812500  0.070000000
v -0.007500000  0.000937500  0.070000000
v -0.007500000 -0.000937500  0.070000000
v -0.007500000 -0.002812500  0.070000000
v -0.007500000 -0.004687500  0.070000000
v -0.007500000 -0.006562500  0.070000000
v -0.007500000  0.005625000  0.073333333
v -0.007500000  0.003750000  0.073333333
v -0.007500000  0.001875000  0.073333333
v -0.007500000  0.000000000  0.073333333
v -0.007500000 -0.001875000  0.073333333
v -0.007500000 -0.003750000  0.073333333
v -0.007500000 -0.005625000  0.073333333
v -0.007500000  0.004687500  0.076666667
v -0.007500000  0.002812500  0.076666667
v -0.007500000  0.000937500  0.076666667
v -0.007500000 -0.000937500  0.076666667
v -0.007500000 -0.002812500  0.076666667
v -0.007500000 -0.004687500  0.076666667
v -0.007500000 -0.006562500  0.076666667
v -0.007820000  0.006328125  0.001666667
v -0.007940000  0.004218750  0.001666667
v -0.007920000  0.002343750  0.001666667
v -0.007900000  0.000468750  0.001666667
v -0.007880000 -0.001406250  0.001666667
v -0.007860000 -0.003281250  0.001666667
v -0.007840000 -0.005156250  0.001666667
v -0.007820000 -0.006796875  0.001666667
v -0.007840000  0.006328125  0.005000000
v -0.007820000  0.004218750  0.005000000
v -0.007940000  0.002343750  0.005000000
v -0.007920000  0.000468750  0.005000000
v -0.007900000 -0.001406250  0.005000000
v -0.007880000 -0.003281250  0.005000000
v -0.007860000 -0.005156250  0.005000000
v -0.007840000 -0.006796875  0.005000000
v -0.007860000  0.006328125  0.008333333
v -0.007840000  0.004218750  0.008333333
v -0.007820000  0.002343750  0.008333333
v -0.007940000  0.000468750  0.008333333
v -0.007920000 -0.001406250  0.008333333
v -0.007900000 -0.003281250  0.008333333
v -0.007880000 -0.005156250  0.008333333
v -0.007860000 -0.006796875  0.008333333
v -0.007880000  0.006328125  0.011666667
v -0.007860000  0.004218750  0.011666667
v -0.007840000  0.002343750  0.011666667
v -0.007820000  0.000468750  0.011666667
v -0.007940000 -0.001406250  0.011666667
v -0.007920000 -0.003281250  0.011666667
v -0.007900000 -0.005156250  0.011666667
v -0.007880000 -0.006796875  0.011666667
v -0.007900000  0.006328125  0.015000000
v -0.007880000  0.004218750  0.015000000
v -0.007860000  0.002343750  0.015000000
v -0.007840000  0.000468750  0.015000000
v -0.007820000 -0.001406250  0.015000000
v -0.007940000 -0.003281250  0.015000000
v -0.007920000 -0.005156250  0.015000000
v -0.007900000 -0.006796875  0.015000000
v -0.007920000  0.006328125  0.018333333
v -0.007900000  0.004218750  0.018333333
v -0.007880000  0.002343750  0.018333333
v -0.007860000  0.000468750  0.018333333
v -0.007840000 -0.001406250  0.018333333
v -0.007820000 -0.003281250  0.018333333
v -0.007940000 -0.005156250  0.018333333
v -0.007920000 -0.006796875  0.018333333
v -0.007940000  0.006328125  0.021666667
v -0.007920000  0.004218750  0.021666667
v -0.007900000  0.002343750  0.021666667
v -0.007880000  0.000468750  0.021666667
v -0.007860000 -0.001406250  0.021666667
v -0.007840000 -0.003281250  0.021666667
v -0.007820000 -0.005156250  0.021666667
v -0.007940000 -0.006796875  0.021666667
v -0.007820000  0.006328125  0.025000000
v -0.007940000  0.004218750  0.025000000
v -0.007920000  0.002343750  0.025000000
v -0.007900000  0.000468750  0.025000000
v -0.007880000 -0.001406250  0.025000000
v -0.007860000 -0.003281250  0.025000000
v -0.007840000 -0.005156250  0.025000000
v -0.007820000 -0.006796875  0.025000000
v -0.007840000  0.006328125  0.028333333
v -0.007820000  0.004218750  0.028333333
v -0.007940000  0.002343750  0.028333333
v -0.007920000  0.000468750  0.028333333
v -0.007900000 -0.001406250  0.028333333
v -0.007880000 -0.003281250  0.028333333
v -0.007860000 -0.005156250  0.028333333
v -0.007840000 -0.006796875  0.028333333
v -0.007860000  0.006328125  0.031666667
v -0.007840000  0.004218750  0.031666667
v -0.007820000  0.002343750  0.031666667
v -0.007940000  0.000468750  0.031666667
v -0.007920000 -0.001406250  0.031666667
v -0.007900000 -0.003281250  0.031666667
v -0.007880000 -0.005156250  0.031666667
v -0.007860000 -0.006796875  0.031666667
v -0.007880000  0.006328125  0.035000000
v -0.007860000  0.004218750  0.035000000
v -0.007840000  0.002343750  0.035000000
v -0.007820000  0.000468750  0.035000000
v -0.007940000 -0.001406250  0.035000000
v -0.007920000 -0.003281250  0.035000000
v -0.007900000 -0.005156250  0.035000000
v -0.007880000 -0.006796875  0.035000000
v -0.007900000  0.006328125  0.038333333
v -0.007880000  0.004218750  0.038333333
v -0.007860000  0.002343750  0.038333333
v -0.007840000  0.000468750  0.038333333
v -0.007820000 -0.001406250  0.038333333
v -0.007940000 -0.003281250  0.038333333
v -0.007920000 -0.005156250  0.038333333
v -0.007900000 -0.006796875  0.038333333
v -0.007920000  0.006328125  0.041666667
v -0.007900000  0.004218750  0.041666667
v -0.007880000  0.002343750  0.041666667
v -0.007860000  0.000468750  0.041666667
v -0.007840000 -0.001406250  0.041666667
v -0.007820000 -0.003281250  0.041666667
v -0.007940000 -0.005156250  0.041666667
v -0.007920000 -0.006796875  0.041666667
v -0.007940000  0.006328125  0.045000000
v -0.007920000  0.004218750  0.045000000
v -0.007900000  0.002343750  0.045000000
v -0.007880000  0.000468750  0.045000000
v -0.007860000 -0.001406250  0.045000000
v -0.007840000 -0.003281250  0.045000000
v -0.007820000 -0.005156250  0.045000000
v -0.007940000 -0.006796875  0.045000000
v -0.007820000  0.006328125  0.048333333
v -0.007940000  0.004218750  0.048333333
v -0.007920000  0.002343750  0.048333333
v -0.007900000  0.000468750  0.048333333
v -0.007880000 -0.001406250  0.048333333
v -0.007860000 -0.003281250  0.048333333
v -0.007840000 -0.005156250  0.048333333
v -0.007820000 -0.006796875  0.048333333
v -0.007840000  0.006328125  0.051666667
v -0.007820000  0.004218750  0.051666667
v -0.007940000  0.002343750  0.051666667
v -0.007920000  0.000468750  0.051666667
v -0.007900000 -0.001406250  0.051666667
v -0.007880000 -0.003281250  0.051666667
v -0.007860000 -0.005156250  0.051666667
v -0.007840000 -0.006796875  0.051666667
v -0.007860000  0.006328125  0.055000000
v -0.007840000  0.004218750  0.055000000
v -0.007820000  0.002343750  0.055000000
v -0.007940000  0.000468750  0.055000000
v -0.007920000 -0.001406250  0.055000000
v -0.007900000 -0.003281250  0.055000000
v -0.007880000 -0.005156250  0.055000000
v -0.007860000 -0.006796875  0.055000000
v -0.007880000  0.006328125  0.058333333
v -0.007860000  0.004218750  0.058333333
v -0.007840000  0.002343750  0.058333333
v -0.007820000  0.000468750  0.058333333
v -0.007940000 -0.001406250  0.058333333
v -0.007920000 -0.003281250  0.058333333
v -0.007900000 -0.005156250  0.058333333
v -0.007880000 -0.006796875  0.058333333
v -0.007900000  0.006328125  0.061666667
v -0.007880000  0.004218750  0.061666667
v -0.007860000  0.002343750  0.061666667
v -0.007840000  0.000468750  0.061666667
v -0.007820000 -0.001406250  0.061666667
v -0.007940000 -0.003281250  0.061666667
v -0.007920000 -0.005156250  0.061666667
v -0.007900000 -0.006796875  0.061666667
v -0.007920000  0.006328125  0.065000000
v -0.007900000  0.004218750  0.065000000
v -0.007880000  0.002343750  0.065000000
v -0.007860000  0.000468750  0.065000000
v -0.007840000 -0.001406250  0.065000000
v -0.007820000 -0.003281250  0.065000000
v -0.007940000 -0.005156250  0.065000000
v -0.007920000 -0.006796875  0.065000000
v -0.007940000  0.006328125  0.068333333
v -0.007920000  0.004218750  0.068333333
v -0.007900000  0.002343750  0.068333333
v -0.007880000  0.000468750  0.068333333
v -0.007860000 -0.001406250  0.068333333
v -0.007840000 -0.003281250  0.068333333
v -0.007820000 -0.005156250  0.068333333
v -0.007940000 -0.006796875  0.068333333
v -0.007820000  0.006328125  0.071666667
v -0.007940000  0.004218750  0.071666667
v -0.007920000  0.002343750  0.071666667
v -0.007900000  0.000468750  0.071666667
v -0.007880000 -0.001406250  0.071666667
v -0.007860000 -0.003281250  0.071666667
v -0.007840000 -0.005156250  0.071666667
v -0.007820000 -0.006796875  0.071666667
v -0.007840000  0.006328125  0.075000000
v -0.007820000  0.004218750  0.075000000
v -0.007940000  0.002343750  0.075000000
v -0.007920000  0.000468750  0.075000000
v -0.007900000 -0.001406250  0.075000000
v -0.007880000 -0.003281250  0.075000000
v -0.007860000 -0.005156250  0.075000000
v -0.007840000 -0.006796875  0.075000000
v -0.007860000  0.006328125  0.078333333
v -0.007840000  0.004218750  0.078333333
v -0.007820000  0.002343750  0.078333333
v -0.007940000  0.000468750  0.078333333
v -0.007920000 -0.001406250  0.078333333
v -0.007900000 -0.003281250  0.078333333
v -0.007880000 -0.005156250  0.078333333
v -0.007860000 -0.006796875  0.078333333

usemtl black_rough_cuboid
s off

f 1 10 11
f 1 11 2
f 2 11 12
f 2 12 3
f 3 12 13
f 3 13 4
f 4 13 14
f 4 14 5
f 5 14 15
f 5 15 6
f 6 15 16
f 6 16 7
f 7 16 17
f 7 17 8
f 8 17 18
f 8 18 9
f 10 19 20
f 10 20 11
f 11 20 21
f 11 21 12
f 12 21 22
f 12 22 13
f 13 22 23
f 13 23 14
f 14 23 24
f 14 24 15
f 15 24 25
f 15 25 16
f 16 25 26
f 16 26 17
f 17 26 27
f 17 27 18
f 19 28 29
f 19 29 20
f 20 29 30
f 20 30 21
f 21 30 31
f 21 31 22
f 22 31 32
f 22 32 23
f 23 32 33
f 23 33 24
f 24 33 34
f 24 34 25
f 25 34 35
f 25 35 26
f 26 35 36
f 26 36 27
f 28 37 38
f 28 38 29
f 29 38 39
f 29 39 30
f 30 39 40
f 30 40 31
f 31 40 41
f 31 41 32
f 32 41 42
f 32 42 33
f 33 42 43
f 33 43 34
f 34 43 44
f 34 44 35
f 35 44 45
f 35 45 36
f 37 46 47
f 37 47 38
f 38 47 48
f 38 48 39
f 39 48 49
f 39 49 40
f 40 49 50
f 40 50 41
f 41 50 51
f 41 51 42
f 42 51 52
f 42 52 43
f 43 52 53
f 43 53 44
f 44 53 54
f 44 54 45
f 46 55 56
f 46 56 47
f 47 56 57
f 47 57 48
f 48 57 58
f 48 58 49
f 49 58 59
f 49 59 50
f 50 59 60
f 50 60 51
f 51 60 61
f 51 61 52
f 52 61 62
f 52 62 53
f 53 62 63
f 53 63 54
f 55 64 65
f 55 65 56
f 56 65 66
f 56 66 57
f 57 66 67
f 57 67 58
f 58 67 68
f 58 68 59
f 59 68 69
f 59 69 60
f 60 69 70
f 60 70 61
f 61 70 71
f 61 71 62
f 62 71 72
f 62 72 63
f 64 73 74
f 64 74 65
f 65 74 75
f 65 75 66
f 66 75 76
f 66 76 67
f 67 76 77
f 67 77 68
f 68 77 78
f 68 78 69
f 69 78 79
f 69 79 70
f 70 79 80
f 70 80 71
f 71 80 81
f 71 81 72
f 82 83 163
f 83 92 163
f 92 91 163
f 91 82 163
f 83 84 164
f 84 93 164
f 93 92 164
f 92 83 164
f 84 85 165
f 85 94 165
f 94 93 165
f 93 84 165
f 85 86 166
f 86 95 166
f 95 94 166
f 94 85 166
f 86 87 167
f 87 96 167
f 96 95 167
f 95 86 167
f 87 88 168
f 88 97 168
f 97 96 168
f 96 87 168
f 88 89 169
f 89 98 169
f 98 97 169
f 97 88 169
f 89 90 170
f 90 99 170
f 99 98 170
f 98 89 170
f 91 92 171
f 92 101 171
f 101 100 171
f 100 91 171
f 92 93 172
f 93 102 172
f 102 101 172
f 101 92 172
f 93 94 173
f 94 103 173
f 103 102 173
f 102 93 173
f 94 95 174
f 95 104 174
f 104 103 174
f 103 94 174
f 95 96 175
f 96 105 175
f 105 104 175
f 104 95 175
f 96 97 176
f 97 106 176
f 106 105 176
f 105 96 176
f 97 98 177
f 98 107 177
f 107 106 177
f 106 97 177
f 98 99 178
f 99 108 178
f 108 107 178
f 107 98 178
f 100 101 179
f 101 110 179
f 110 109 179
f 109 100 179
f 101 102 180
f 102 111 180
f 111 110 180
f 110 101 180
f 102 103 181
f 103 112 181
f 112 111 181
f 111 102 181
f 103 104 182
f 104 113 182
f 113 112 182
f 112 103 182
f 104 105 183
f 105 114 183
f 114 113 183
f 113 104 183
f 105 106 184
f 106 115 184
f 115 114 184
f 114 105 184
f 106 107 185
f 107 116 185
f 116 115 185
f 115 106 185
f 107 108 186
f 108 117 186
f 117 116 186
f 116 107 186
f 109 110 187
f 110 119 187
f 119 118 187
f 118 109 187
f 110 111 188
f 111 120 188
f 120 119 188
f 119 110 188
f 111 112 189
f 112 121 189
f 121 120 189
f 120 111 189
f 112 113 190
f 113 122 190
f 122 121 190
f 121 112 190
f 113 114 191
f 114 123 191
f 123 122 191
f 122 113 191
f 114 115 192
f 115 124 192
f 124 123 192
f 123 114 192
f 115 116 193
f 116 125 193
f 125 124 193
f 124 115 193
f 116 117 194
f 117 126 194
f 126 125 194
f 125 116 194
f 118 119 195
f 119 128 195
f 128 127 195
f 127 118 195
f 119 120 196
f 120 129 196
f 129 128 196
f 128 119 196
f 120 121 197
f 121 130 197
f 130 129 197
f 129 120 197
f 121 122 198
f 122 131 198
f 131 130 198
f 130 121 198
f 122 123 199
f 123 132 199
f 132 131 199
f 131 122 199
f 123 124 200
f 124 133 200
f 133 132 200
f 132 123 200
f 124 125 201
f 125 134 201
f 134 133 201
f 133 124 201
f 125 126 202
f 126 135 202
f 135 134 202
f 134 125 202
f 127 128 203
f 128 137 203
f 137 136 203
f 136 127 203
f 128 129 204
f 129 138 204
f 138 137 204
f 137 128 204
f 129 130 205
f 130 139 205
f 139 138 205
f 138 129 205
f 130 131 206
f 131 140 206
f 140 139 206
f 139 130 206
f 131 132 207
f 132 141 207
f 141 140 207
f 140 131 207
f 132 133 208
f 133 142 208
f 142 141 208
f 141 132 208
f 133 134 209
f 134 143 209
f 143 142 209
f 142 133 209
f 134 135 210
f 135 144 210
f 144 143 210
f 143 134 210
f 136 137 211
f 137 146 211
f 146 145 211
f 145 136 211
f 137 138 212
f 138 147 212
f 147 146 212
f 146 137 212
f 138 139 213
f 139 148 213
f 148 147 213
f 147 138 213
f 139 140 214
f 140 149 214
f 149 148 214
f 148 139 214
f 140 141 215
f 141 150 215
f 150 149 215
f 149 140 215
f 141 142 216
f 142 151 216
f 151 150 216
f 150 141 216
f 142 143 217
f 143 152 217
f 152 151 217
f 151 142 217
f 143 144 218
f 144 153 218
f 153 152 218
f 152 143 218
f 145 146 219
f 146 155 219
f 155 154 219
f 154 145 219
f 146 147 220
f 147 156 220
f 156 155 220
f 155 146 220
f 147 148 221
f 148 157 221
f 157 156 221
f 156 147 221
f 148 149 222
f 149 158 222
f 158 157 222
f 157 148 222
f 149 150 223
f 150 159 223
f 159 158 223
f 158 149 223
f 150 151 224
f 151 160 224
f 160 159 224
f 159 150 224
f 151 152 225
f 152 161 225
f 161 160 225
f 160 151 225
f 152 153 226
f 153 162 226
f 162 161 226
f 161 152 226
f 1 2 434
f 2 228 434
f 228 227 434
f 227 1 434
f 2 3 435
f 3 229 435
f 229 228 435
f 228 2 435
f 3 4 436
f 4 230 436
f 230 229 436
f 229 3 436
f 4 5 437
f 5 231 437
f 231 230 437
f 230 4 437
f 5 6 438
f 6 232 438
f 232 231 438
f 231 5 438
f 6 7 439
f 7 233 439
f 233 232 439
f 232 6 439
f 7 8 440
f 8 234 440
f 234 233 440
f 233 7 440
f 8 9 441
f 9 235 441
f 235 234 441
f 234 8 441
f 227 228 442
f 228 237 442
f 237 236 442
f 236 227 442
f 228 229 443
f 229 238 443
f 238 237 443
f 237 228 443
f 229 230 444
f 230 239 444
f 239 238 444
f 238 229 444
f 230 231 445
f 231 240 445
f 240 239 445
f 239 230 445
f 231 232 446
f 232 241 446
f 241 240 446
f 240 231 446
f 232 233 447
f 233 242 447
f 242 241 447
f 241 232 447
f 233 234 448
f 234 243 448
f 243 242 448
f 242 233 448
f 234 235 449
f 235 244 449
f 244 243 449
f 243 234 449
f 236 237 450
f 237 246 450
f 246 245 450
f 245 236 450
f 237 238 451
f 238 247 451
f 247 246 451
f 246 237 451
f 238 239 452
f 239 248 452
f 248 247 452
f 247 238 452
f 239 240 453
f 240 249 453
f 249 248 453
f 248 239 453
f 240 241 454
f 241 250 454
f 250 249 454
f 249 240 454
f 241 242 455
f 242 251 455
f 251 250 455
f 250 241 455
f 242 243 456
f 243 252 456
f 252 251 456
f 251 242 456
f 243 244 457
f 244 253 457
f 253 252 457
f 252 243 457
f 245 246 458
f 246 255 458
f 255 254 458
f 254 245 458
f 246 247 459
f 247 256 459
f 256 255 459
f 255 246 459
f 247 248 460
f 248 257 460
f 257 256 460
f 256 247 460
f 248 249 461
f 249 258 461
f 258 257 461
f 257 248 461
f 249 250 462
f 250 259 462
f 259 258 462
f 258 249 462
f 250 251 463
f 251 260 463
f 260 259 463
f 259 250 463
f 251 252 464
f 252 261 464
f 261 260 464
f 260 251 464
f 252 253 465
f 253 262 465
f 262 261 465
f 261 252 465
f 254 255 466
f 255 264 466
f 264 263 466
f 263 254 466
f 255 256 467
f 256 265 467
f 265 264 467
f 264 255 467
f 256 257 468
f 257 266 468
f 266 265 468
f 265 256 468
f 257 258 469
f 258 267 469
f 267 266 469
f 266 257 469
f 258 259 470
f 259 268 470
f 268 267 470
f 267 258 470
f 259 260 471
f 260 269 471
f 269 268 471
f 268 259 471
f 260 261 472
f 261 270 472
f 270 269 472
f 269 260 472
f 261 262 473
f 262 271 473
f 271 270 473
f 270 261 473
f 263 264 474
f 264 273 474
f 273 272 474
f 272 263 474
f 264 265 475
f 265 274 475
f 274 273 475
f 273 264 475
f 265 266 476
f 266 275 476
f 275 274 476
f 274 265 476
f 266 267 477
f 267 276 477
f 276 275 477
f 275 266 477
f 267 268 478
f 268 277 478
f 277 276 478
f 276 267 478
f 268 269 479
f 269 278 479
f 278 277 479
f 277 268 479
f 269 270 480
f 270 279 480
f 279 278 480
f 278 269 480
f 270 271 481
f 271 280 481
f 280 279 481
f 279 270 481
f 272 273 482
f 273 282 482
f 282 281 482
f 281 272 482
f 273 274 483
f 274 283 483
f 283 282 483
f 282 273 483
f 274 275 484
f 275 284 484
f 284 283 484
f 283 274 484
f 275 276 485
f 276 285 485
f 285 284 485
f 284 275 485
f 276 277 486
f 277 286 486
f 286 285 486
f 285 276 486
f 277 278 487
f 278 287 487
f 287 286 487
f 286 277 487
f 278 279 488
f 279 288 488
f 288 287 488
f 287 278 488
f 279 280 489
f 280 289 489
f 289 288 489
f 288 279 489
f 281 282 490
f 282 291 490
f 291 290 490
f 290 281 490
f 282 283 491
f 283 292 491
f 292 291 491
f 291 282 491
f 283 284 492
f 284 293 492
f 293 292 492
f 292 283 492
f 284 285 493
f 285 294 493
f 294 293 493
f 293 284 493
f 285 286 494
f 286 295 494
f 295 294 494
f 294 285 494
f 286 287 495
f 287 296 495
f 296 295 495
f 295 286 495
f 287 288 496
f 288 297 496
f 297 296 496
f 296 287 496
f 288 289 497
f 289 298 497
f 298 297 497
f 297 288 497
f 290 291 498
f 291 300 498
f 300 299 498
f 299 290 498
f 291 292 499
f 292 301 499
f 301 300 499
f 300 291 499
f 292 293 500
f 293 302 500
f 302 301 500
f 301 292 500
f 293 294 501
f 294 303 501
f 303 302 501
f 302 293 501
f 294 295 502
f 295 304 502
f 304 303 502
f 303 294 502
f 295 296 503
f 296 305 503
f 305 304 503
f 304 295 503
f 296 297 504
f 297 306 504
f 306 305 504
f 305 296 504
f 297 298 505
f 298 307 505
f 307 306 505
f 306 297 505
f 299 300 506
f 300 309 506
f 309 308 506
f 308 299 506
f 300 301 507
f 301 310 507
f 310 309 507
f 309 300 507
f 301 302 508
f 302 311 508
f 311 310 508
f 310 301 508
f 302 303 509
f 303 312 509
f 312 311 509
f 311 302 509
f 303 304 510
f 304 313 510
f 313 312 510
f 312 303 510
f 304 305 511
f 305 314 511
f 314 313 511
f 313 304 511
f 305 306 512
f 306 315 512
f 315 314 512
f 314 305 512
f 306 307 513
f 307 316 513
f 316 315 513
f 315 306 513
f 308 309 514
f 309 318 514
f 318 317 514
f 317 308 514
f 309 310 515
f 310 319 515
f 319 318 515
f 318 309 515
f 310 311 516
f 311 320 516
f 320 319 516
f 319 310 516
f 311 312 517
f 312 321 517
f 321 320 517
f 320 311 517
f 312 313 518
f 313 322 518
f 322 321 518
f 321 312 518
f 313 314 519
f 314 323 519
f 323 322 519
f 322 313 519
f 314 315 520
f 315 324 520
f 324 323 520
f 323 314 520
f 315 316 521
f 316 325 521
f 325 324 521
f 324 315 521
f 317 318 522
f 318 327 522
f 327 326 522
f 326 317 522
f 318 319 523
f 319 328 523
f 328 327 523
f 327 318 523
f 319 320 524
f 320 329 524
f 329 328 524
f 328 319 524
f 320 321 525
f 321 330 525
f 330 329 525
f 329 320 525
f 321 322 526
f 322 331 526
f 331 330 526
f 330 321 526
f 322 323 527
f 323 332 527
f 332 331 527
f 331 322 527
f 323 324 528
f 324 333 528
f 333 332 528
f 332 323 528
f 324 325 529
f 325 334 529
f 334 333 529
f 333 324 529
f 326 327 530
f 327 336 530
f 336 335 530
f 335 326 530
f 327 328 531
f 328 337 531
f 337 336 531
f 336 327 531
f 328 329 532
f 329 338 532
f 338 337 532
f 337 328 532
f 329 330 533
f 330 339 533
f 339 338 533
f 338 329 533
f 330 331 534
f 331 340 534
f 340 339 534
f 339 330 534
f 331 332 535
f 332 341 535
f 341 340 535
f 340 331 535
f 332 333 536
f 333 342 536
f 342 341 536
f 341 332 536
f 333 334 537
f 334 343 537
f 343 342 537
f 342 333 537
f 335 336 538
f 336 345 538
f 345 344 538
f 344 335 538
f 336 337 539
f 337 346 539
f 346 345 539
f 345 336 539
f 337 338 540
f 338 347 540
f 347 346 540
f 346 337 540
f 338 339 541
f 339 348 541
f 348 347 541
f 347 338 541
f 339 340 542
f 340 349 542
f 349 348 542
f 348 339 542
f 340 341 543
f 341 350 543
f 350 349 543
f 349 340 543
f 341 342 544
f 342 351 544
f 351 350 544
f 350 341 544
f 342 343 545
f 343 352 545
f 352 351 545
f 351 342 545
f 344 345 546
f 345 354 546
f 354 353 546
f 353 344 546
f 345 346 547
f 346 355 547
f 355 354 547
f 354 345 547
f 346 347 548
f 347 356 548
f 356 355 548
f 355 346 548
f 347 348 549
f 348 357 549
f 357 356 549
f 356 347 549
f 348 349 550
f 349 358 550
f 358 357 550
f 357 348 550
f 349 350 551
f 350 359 551
f 359 358 551
f 358 349 551
f 350 351 552
f 351 360 552
f 360 359 552
f 359 350 552
f 351 352 553
f 352 361 553
f 361 360 553
f 360 351 553
f 353 354 554
f 354 363 554
f 363 362 554
f 362 353 554
f 354 355 555
f 355 364 555
f 364 363 555
f 363 354 555
f 355 356 556
f 356 365 556
f 365 364 556
f 364 355 556
f 356 357 557
f 357 366 557
f 366 365 557
f 365 356 557
f 357 358 558
f 358 367 558
f 367 366 558
f 366 357 558
f 358 359 559
f 359 368 559
f 368 367 559
f 367 358 559
f 359 360 560
f 360 369 560
f 369 368 560
f 368 359 560
f 360 361 561
f 361 370 561
f 370 369 561
f 369 360 561
f 362 363 562
f 363 372 562
f 372 371 562
f 371 362 562
f 363 364 563
f 364 373 563
f 373 372 563
f 372 363 563
f 364 365 564
f 365 374 564
f 374 373 564
f 373 364 564
f 365 366 565
f 366 375 565
f 375 374 565
f 374 365 565
f 366 367 566
f 367 376 566
f 376 375 566
f 375 366 566
f 367 368 567
f 368 377 567
f 377 376 567
f 376 367 567
f 368 369 568
f 369 378 568
f 378 377 568
f 377 368 568
f 369 370 569
f 370 379 569
f 379 378 569
f 378 369 569
f 371 372 570
f 372 381 570
f 381 380 570
f 380 371 570
f 372 373 571
f 373 382 571
f 382 381 571
f 381 372 571
f 373 374 572
f 374 383 572
f 383 382 572
f 382 373 572
f 374 375 573
f 375 384 573
f 384 383 573
f 383 374 573
f 375 376 574
f 376 385 574
f 385 384 574
f 384 375 574
f 376 377 575
f 377 386 575
f 386 385 575
f 385 376 575
f 377 378 576
f 378 387 576
f 387 386 576
f 386 377 576
f 378 379 577
f 379 388 577
f 388 387 577
f 387 378 577
f 380 381 578
f 381 390 578
f 390 389 578
f 389 380 578
f 381 382 579
f 382 391 579
f 391 390 579
f 390 381 579
f 382 383 580
f 383 392 580
f 392 391 580
f 391 382 580
f 383 384 581
f 384 393 581
f 393 392 581
f 392 383 581
f 384 385 582
f 385 394 582
f 394 393 582
f 393 384 582
f 385 386 583
f 386 395 583
f 395 394 583
f 394 385 583
f 386 387 584
f 387 396 584
f 396 395 584
f 395 386 584
f 387 388 585
f 388 397 585
f 397 396 585
f 396 387 585
f 389 390 586
f 390 399 586
f 399 398 586
f 398 389 586
f 390 391 587
f 391 400 587
f 400 399 587
f 399 390 587
f 391 392 588
f 392 401 588
f 401 400 588
f 400 391 588
f 392 393 589
f 393 402 589
f 402 401 589
f 401 392 589
f 393 394 590
f 394 403 590
f 403 402 590
f 402 393 590
f 394 395 591
f 395 404 591
f 404 403 591
f 403 394 591
f 395 396 592
f 396 405 592
f 405 404 592
f 404 395 592
f 396 397 593
f 397 406 593
f 406 405 593
f 405 396 593
f 398 399 594
f 399 408 594
f 408 407 594
f 407 398 594
f 399 400 595
f 400 409 595
f 409 408 595
f 408 399 595
f 400 401 596
f 401 410 596
f 410 409 596
f 409 400 596
f 401 402 597
f 402 411 597
f 411 410 597
f 410 401 597
f 402 403 598
f 403 412 598
f 412 411 598
f 411 402 598
f 403 404 599
f 404 413 599
f 413 412 599
f 412 403 599
f 404 405 600
f 405 414 600
f 414 413 600
f 413 404 600
f 405 406 601
f 406 415 601
f 415 414 601
f 414 405 601
f 407 408 602
f 408 417 602
f 417 416 602
f 416 407 602
f 408 409 603
f 409 418 603
f 418 417 603
f 417 408 603
f 409 410 604
f 410 419 604
f 419 418 604
f 418 409 604
f 410 411 605
f 411 420 605
f 420 419 605
f 419 410 605
f 411 412 606
f 412 421 606
f 421 420 606
f 420 411 606
f 412 413 607
f 413 422 607
f 422 421 607
f 421 412 607
f 413 414 608
f 414 423 608
f 423 422 608
f 422 413 608
f 414 415 609
f 415 424 609
f 424 423 609
f 423 414 609
f 416 417 610
f 417 426 610
f 426 425 610
f 425 416 610
f 417 418 611
f 418 427 611
f 427 426 611
f 426 417 611
f 418 419 612
f 419 428 612
f 428 427 612
f 427 418 612
f 419 420 613
f 420 429 613
f 429 428 613
f 428 419 613
f 420 421 614
f 421 430 614
f 430 429 614
f 429 420 614
f 421 422 615
f 422 431 615
f 431 430 615
f 430 421 615
f 422 423 616
f 423 432 616
f 432 431 616
f 431 422 616
f 423 424 617
f 424 433 617
f 433 432 617
f 432 423 617
f 425 426 618
f 426 83 618
f 83 82 618
f 82 425 618
f 426 427 619
f 427 84 619
f 84 83 619
f 83 426 619
f 427 428 620
f 428 85 620
f 85 84 620
f 84 427 620
f 428 429 621
f 429 86 621
f 86 85 621
f 85 428 621
f 429 430 622
f 430 87 622
f 87 86 622
f 86 429 622
f 430 431 623
f 431 88 623
f 88 87 623
f 87 430 623
f 431 432 624
f 432 89 624
f 89 88 624
f 88 431 624
f 432 433 625
f 433 90 625
f 90 89 625
f 89 432 625
f 81 80 833
f 80 627 833
f 627 626 833
f 626 81 833
f 80 79 834
f 79 628 834
f 628 627 834
f 627 80 834
f 79 78 835
f 78 629 835
f 629 628 835
f 628 79 835
f 78 77 836
f 77 630 836
f 630 629 836
f 629 78 836
f 77 76 837
f 76 631 837
f 631 630 837
f 630 77 837
f 76 75 838
f 75 632 838
f 632 631 838
f 631 76 838
f 75 74 839
f 74 633 839
f 633 632 839
f 632 75 839
f 74 73 840
f 73 634 840
f 634 633 840
f 633 74 840
f 626 627 841
f 627 636 841
f 636 635 841
f 635 626 841
f 627 628 842
f 628 637 842
f 637 636 842
f 636 627 842
f 628 629 843
f 629 638 843
f 638 637 843
f 637 628 843
f 629 630 844
f 630 639 844
f 639 638 844
f 638 629 844
f 630 631 845
f 631 640 845
f 640 639 845
f 639 630 845
f 631 632 846
f 632 641 846
f 641 640 846
f 640 631 846
f 632 633 847
f 633 642 847
f 642 641 847
f 641 632 847
f 633 634 848
f 634 643 848
f 643 642 848
f 642 633 848
f 635 636 849
f 636 645 849
f 645 644 849
f 644 635 849
f 636 637 850
f 637 646 850
f 646 645 850
f 645 636 850
f 637 638 851
f 638 647 851
f 647 646 851
f 646 637 851
f 638 639 852
f 639 648 852
f 648 647 852
f 647 638 852
f 639 640 853
f 640 649 853
f 649 648 853
f 648 639 853
f 640 641 854
f 641 650 854
f 650 649 854
f 649 640 854
f 641 642 855
f 642 651 855
f 651 650 855
f 650 641 855
f 642 643 856
f 643 652 856
f 652 651 856
f 651 642 856
f 644 645 857
f 645 654 857
f 654 653 857
f 653 644 857
f 645 646 858
f 646 655 858
f 655 654 858
f 654 645 858
f 646 647 859
f 647 656 859
f 656 655 859
f 655 646 859
f 647 648 860
f 648 657 860
f 657 656 860
f 656 647 860
f 648 649 861
f 649 658 861
f 658 657 861
f 657 648 861
f 649 650 862
f 650 659 862
f 659 658 862
f 658 649 862
f 650 651 863
f 651 660 863
f 660 659 863
f 659 650 863
f 651 652 864
f 652 661 864
f 661 660 864
f 660 651 864
f 653 654 865
f 654 663 865
f 663 662 865
f 662 653 865
f 654 655 866
f 655 664 866
f 664 663 866
f 663 654 866
f 655 656 867
f 656 665 867
f 665 664 867
f 664 655 867
f 656 657 868
f 657 666 868
f 666 665 868
f 665 656 868
f 657 658 869
f 658 667 869
f 667 666 869
f 666 657 869
f 658 659 870
f 659 668 870
f 668 667 870
f 667 658 870
f 659 660 871
f 660 669 871
f 669 668 871
f 668 659 871
f 660 661 872
f 661 670 872
f 670 669 872
f 669 660 872
f 662 663 873
f 663 672 873
f 672 671 873
f 671 662 873
f 663 664 874
f 664 673 874
f 673 672 874
f 672 663 874
f 664 665 875
f 665 674 875
f 674 673 875
f 673 664 875
f 665 666 876
f 666 675 876
f 675 674 876
f 674 665 876
f 666 667 877
f 667 676 877
f 676 675 877
f 675 666 877
f 667 668 878
f 668 677 878
f 677 676 878
f 676 667 878
f 668 669 879
f 669 678 879
f 678 677 879
f 677 668 879
f 669 670 880
f 670 679 880
f 679 678 880
f 678 669 880
f 671 672 881
f 672 681 881
f 681 680 881
f 680 671 881
f 672 673 882
f 673 682 882
f 682 681 882
f 681 672 882
f 673 674 883
f 674 683 883
f 683 682 883
f 682 673 883
f 674 675 884
f 675 684 884
f 684 683 884
f 683 674 884
f 675 676 885
f 676 685 885
f 685 684 885
f 684 675 885
f 676 677 886
f 677 686 886
f 686 685 886
f 685 676 886
f 677 678 887
f 678 687 887
f 687 686 887
f 686 677 887
f 678 679 888
f 679 688 888
f 688 687 888
f 687 678 888
f 680 681 889
f 681 690 889
f 690 689 889
f 689 680 889
f 681 682 890
f 682 691 890
f 691 690 890
f 690 681 890
f 682 683 891
f 683 692 891
f 692 691 891
f 691 682 891
f 683 684 892
f 684 693 892
f 693 692 892
f 692 683 892
f 684 685 893
f 685 694 893
f 694 693 893
f 693 684 893
f 685 686 894
f 686 695 894
f 695 694 894
f 694 685 894
f 686 687 895
f 687 696 895
f 696 695 895
f 695 686 895
f 687 688 896
f 688 697 896
f 697 696 896
f 696 687 896
f 689 690 897
f 690 699 897
f 699 698 897
f 698 689 897
f 690 691 898
f 691 700 898
f 700 699 898
f 699 690 898
f 691 692 899
f 692 701 899
f 701 700 899
f 700 691 899
f 692 693 900
f 693 702 900
f 702 701 900
f 701 692 900
f 693 694 901
f 694 703 901
f 703 702 901
f 702 693 901
f 694 695 902
f 695 704 902
f 704 703 902
f 703 694 902
f 695 696 903
f 696 705 903
f 705 704 903
f 704 695 903
f 696 697 904
f 697 706 904
f 706 705 904
f 705 696 904
f 698 699 905
f 699 708 905
f 708 707 905
f 707 698 905
f 699 700 906
f 700 709 906
f 709 708 906
f 708 699 906
f 700 701 907
f 701 710 907
f 710 709 907
f 709 700 907
f 701 702 908
f 702 711 908
f 711 710 908
f 710 701 908
f 702 703 909
f 703 712 909
f 712 711 909
f 711 702 909
f 703 704 910
f 704 713 910
f 713 712 910
f 712 703 910
f 704 705 911
f 705 714 911
f 714 713 911
f 713 704 911
f 705 706 912
f 706 715 912
f 715 714 912
f 714 705 912
f 707 708 913
f 708 717 913
f 717 716 913
f 716 707 913
f 708 709 914
f 709 718 914
f 718 717 914
f 717 708 914
f 709 710 915
f 710 719 915
f 719 718 915
f 718 709 915
f 710 711 916
f 711 720 916
f 720 719 916
f 719 710 916
f 711 712 917
f 712 721 917
f 721 720 917
f 720 711 917
f 712 713 918
f 713 722 918
f 722 721 918
f 721 712 918
f 713 714 919
f 714 723 919
f 723 722 919
f 722 713 919
f 714 715 920
f 715 724 920
f 724 723 920
f 723 714 920
f 716 717 921
f 717 726 921
f 726 725 921
f 725 716 921
f 717 718 922
f 718 727 922
f 727 726 922
f 726 717 922
f 718 719 923
f 719 728 923
f 728 727 923
f 727 718 923
f 719 720 924
f 720 729 924
f 729 728 924
f 728 719 924
f 720 721 925
f 721 730 925
f 730 729 925
f 729 720 925
f 721 722 926
f 722 731 926
f 731 730 926
f 730 721 926
f 722 723 927
f 723 732 927
f 732 731 927
f 731 722 927
f 723 724 928
f 724 733 928
f 733 732 928
f 732 723 928
f 725 726 929
f 726 735 929
f 735 734 929
f 734 725 929
f 726 727 930
f 727 736 930
f 736 735 930
f 735 726 930
f 727 728 931
f 728 737 931
f 737 736 931
f 736 727 931
f 728 729 932
f 729 738 932
f 738 737 932
f 737 728 932
f 729 730 933
f 730 739 933
f 739 738 933
f 738 729 933
f 730 731 934
f 731 740 934
f 740 739 934
f 739 730 934
f 731 732 935
f 732 741 935
f 741 740 935
f 740 731 935
f 732 733 936
f 733 742 936
f 742 741 936
f 741 732 936
f 734 735 937
f 735 744 937
f 744 743 937
f 743 734 937
f 735 736 938
f 736 745 938
f 745 744 938
f 744 735 938
f 736 737 939
f 737 746 939
f 746 745 939
f 745 736 939
f 737 738 940
f 738 747 940
f 747 746 940
f 746 737 940
f 738 739 941
f 739 748 941
f 748 747 941
f 747 738 941
f 739 740 942
f 740 749 942
f 749 748 942
f 748 739 942
f 740 741 943
f 741 750 943
f 750 749 943
f 749 740 943
f 741 742 944
f 742 751 944
f 751 750 944
f 750 741 944
f 743 744 945
f 744 753 945
f 753 752 945
f 752 743 945
f 744 745 946
f 745 754 946
f 754 753 946
f 753 744 946
f 745 746 947
f 746 755 947
f 755 754 947
f 754 745 947
f 746 747 948
f 747 756 948
f 756 755 948
f 755 746 948
f 747 748 949
f 748 757 949
f 757 756 949
f 756 747 949
f 748 749 950
f 749 758 950
f 758 757 950
f 757 748 950
f 749 750 951
f 750 759 951
f 759 758 951
f 758 749 951
f 750 751 952
f 751 760 952
f 760 759 952
f 759 750 952
f 752 753 953
f 753 762 953
f 762 761 953
f 761 752 953
f 753 754 954
f 754 763 954
f 763 762 954
f 762 753 954
f 754 755 955
f 755 764 955
f 764 763 955
f 763 754 955
f 755 756 956
f 756 765 956
f 765 764 956
f 764 755 956
f 756 757 957
f 757 766 957
f 766 765 957
f 765 756 957
f 757 758 958
f 758 767 958
f 767 766 958
f 766 757 958
f 758 759 959
f 759 768 959
f 768 767 959
f 767 758 959
f 759 760 960
f 760 769 960
f 769 768 960
f 768 759 960
f 761 762 961
f 762 771 961
f 771 770 961
f 770 761 961
f 762 763 962
f 763 772 962
f 772 771 962
f 771 762 962
f 763 764 963
f 764 773 963
f 773 772 963
f 772 763 963
f 764 765 964
f 765 774 964
f 774 773 964
f 773 764 964
f 765 766 965
f 766 775 965
f 775 774 965
f 774 765 965
f 766 767 966
f 767 776 966
f 776 775 966
f 775 766 966
f 767 768 967
f 768 777 967
f 777 776 967
f 776 767 967
f 768 769 968
f 769 778 968
f 778 777 968
f 777 768 968
f 770 771 969
f 771 780 969
f 780 779 969
f 779 770 969
f 771 772 970
f 772 781 970
f 781 780 970
f 780 771 970
f 772 773 971
f 773 782 971
f 782 781 971
f 781 772 971
f 773 774 972
f 774 783 972
f 783 782 972
f 782 773 972
f 774 775 973
f 775 784 973
f 784 783 973
f 783 774 973
f 775 776 974
f 776 785 974
f 785 784 974
f 784 775 974
f 776 777 975
f 777 786 975
f 786 785 975
f 785 776 975
f 777 778 976
f 778 787 976
f 787 786 976
f 786 777 976
f 779 780 977
f 780 789 977
f 789 788 977
f 788 779 977
f 780 781 978
f 781 790 978
f 790 789 978
f 789 780 978
f 781 782 979
f 782 791 979
f 791 790 979
f 790 781 979
f 782 783 980
f 783 792 980
f 792 791 980
f 791 782 980
f 783 784 981
f 784 793 981
f 793 792 981
f 792 783 981
f 784 785 982
f 785 794 982
f 794 793 982
f 793 784 982
f 785 786 983
f 786 795 983
f 795 794 983
f 794 785 983
f 786 787 984
f 787 796 984
f 796 795 984
f 795 786 984
f 788 789 985
f 789 798 985
f 798 797 985
f 797 788 985
f 789 790 986
f 790 799 986
f 799 798 986
f 798 789 986
f 790 791 987
f 791 800 987
f 800 799 987
f 799 790 987
f 791 792 988
f 792 801 988
f 801 800 988
f 800 791 988
f 792 793 989
f 793 802 989
f 802 801 989
f 801 792 989
f 793 794 990
f 794 803 990
f 803 802 990
f 802 793 990
f 794 795 991
f 795 804 991
f 804 803 991
f 803 794 991
f 795 796 992
f 796 805 992
f 805 804 992
f 804 795 992
f 797 798 993
f 798 807 993
f 807 806 993
f 806 797 993
f 798 799 994
f 799 808 994
f 808 807 994
f 807 798 994
f 799 800 995
f 800 809 995
f 809 808 995
f 808 799 995
f 800 801 996
f 801 810 996
f 810 809 996
f 809 800 996
f 801 802 997
f 802 811 997
f 811 810 997
f 810 801 997
f 802 803 998
f 803 812 998
f 812 811 998
f 811 802 998
f 803 804 999
f 804 813 999
f 813 812 999
f 812 803 999
f 804 805 1000
f 805 814 1000
f 814 813 1000
f 813 804 1000
f 806 807 1001
f 807 816 1001
f 816 815 1001
f 815 806 1001
f 807 808 1002
f 808 817 1002
f 817 816 1002
f 816 807 1002
f 808 809 1003
f 809 818 1003
f 818 817 1003
f 817 808 1003
f 809 810 1004
f 810 819 1004
f 819 818 1004
f 818 809 1004
f 810 811 1005
f 811 820 1005
f 820 819 1005
f 819 810 1005
f 811 812 1006
f 812 821 1006
f 821 820 1006
f 820 811 1006
f 812 813 1007
f 813 822 1007
f 822 821 1007
f 821 812 1007
f 813 814 1008
f 814 823 1008
f 823 822 1008
f 822 813 1008
f 815 816 1009
f 816 825 1009
f 825 824 1009
f 824 815 1009
f 816 817 1010
f 817 826 1010
f 826 825 1010
f 825 816 1010
f 817 818 1011
f 818 827 1011
f 827 826 1011
f 826 817 1011
f 818 819 1012
f 819 828 1012
f 828 827 1012
f 827 818 1012
f 819 820 1013
f 820 829 1013
f 829 828 1013
f 828 819 1013
f 820 821 1014
f 821 830 1014
f 830 829 1014
f 829 820 1014
f 821 822 1015
f 822 831 1015
f 831 830 1015
f 830 821 1015
f 822 823 1016
f 823 832 1016
f 832 831 1016
f 831 822 1016
f 824 825 1017
f 825 161 1017
f 161 162 1017
f 162 824 1017
f 825 826 1018
f 826 160 1018
f 160 161 1018
f 161 825 1018
f 826 827 1019
f 827 159 1019
f 159 160 1019
f 160 826 1019
f 827 828 1020
f 828 158 1020
f 158 159 1020
f 159 827 1020
f 828 829 1021
f 829 157 1021
f 157 158 1021
f 158 828 1021
f 829 830 1022
f 830 156 1022
f 156 157 1022
f 157 829 1022
f 830 831 1023
f 831 155 1023
f 155 156 1023
f 156 830 1023
f 831 832 1024
f 832 154 1024
f 154 155 1024
f 155 831 1024
f 9 18 1186
f 18 1025 1186
f 1025 235 1186
f 235 9 1186
f 18 27 1187
f 27 1026 1187
f 1026 1025 1187
f 1025 18 1187
f 27 36 1188
f 36 1027 1188
f 1027 1026 1188
f 1026 27 1188
f 36 45 1189
f 45 1028 1189
f 1028 1027 1189
f 1027 36 1189
f 45 54 1190
f 54 1029 1190
f 1029 1028 1190
f 1028 45 1190
f 54 63 1191
f 63 1030 1191
f 1030 1029 1191
f 1029 54 1191
f 63 72 1192
f 72 1031 1192
f 1031 1030 1192
f 1030 63 1192
f 72 81 1193
f 81 626 1193
f 626 1031 1193
f 1031 72 1193
f 235 1025 1194
f 1025 1032 1194
f 1032 244 1194
f 244 235 1194
f 1025 1026 1195
f 1026 1033 1195
f 1033 1032 1195
f 1032 1025 1195
f 1026 1027 1196
f 1027 1034 1196
f 1034 1033 1196
f 1033 1026 1196
f 1027 1028 1197
f 1028 1035 1197
f 1035 1034 1197
f 1034 1027 1197
f 1028 1029 1198
f 1029 1036 1198
f 1036 1035 1198
f 1035 1028 1198
f 1029 1030 1199
f 1030 1037 1199
f 1037 1036 1199
f 1036 1029 1199
f 1030 1031 1200
f 1031 1038 1200
f 1038 1037 1200
f 1037 1030 1200
f 1031 626 1201
f 626 635 1201
f 635 1038 1201
f 1038 1031 1201
f 244 1032 1202
f 1032 1039 1202
f 1039 253 1202
f 253 244 1202
f 1032 1033 1203
f 1033 1040 1203
f 1040 1039 1203
f 1039 1032 1203
f 1033 1034 1204
f 1034 1041 1204
f 1041 1040 1204
f 1040 1033 1204
f 1034 1035 1205
f 1035 1042 1205
f 1042 1041 1205
f 1041 1034 1205
f 1035 1036 1206
f 1036 1043 1206
f 1043 1042 1206
f 1042 1035 1206
f 1036 1037 1207
f 1037 1044 1207
f 1044 1043 1207
f 1043 1036 1207
f 1037 1038 1208
f 1038 1045 1208
f 1045 1044 1208
f 1044 1037 1208
f 1038 635 1209
f 635 644 1209
f 644 1045 1209
f 1045 1038 1209
f 253 1039 1210
f 1039 1046 1210
f 1046 262 1210
f 262 253 1210
f 1039 1040 1211
f 1040 1047 1211
f 1047 1046 1211
f 1046 1039 1211
f 1040 1041 1212
f 1041 1048 1212
f 1048 1047 1212
f 1047 1040 1212
f 1041 1042 1213
f 1042 1049 1213
f 1049 1048 1213
f 1048 1041 1213
f 1042 1043 1214
f 1043 1050 1214
f 1050 1049 1214
f 1049 1042 1214
f 1043 1044 1215
f 1044 1051 1215
f 1051 1050 1215
f 1050 1043 1215
f 1044 1045 1216
f 1045 1052 1216
f 1052 1051 1216
f 1051 1044 1216
f 1045 644 1217
f 644 653 1217
f 653 1052 1217
f 1052 1045 1217
f 262 1046 1218
f 1046 1053 1218
f 1053 271 1218
f 271 262 1218
f 1046 1047 1219
f 1047 1054 1219
f 1054 1053 1219
f 1053 1046 1219
f 1047 1048 1220
f 1048 1055 1220
f 1055 1054 1220
f 1054 1047 1220
f 1048 1049 1221
f 1049 1056 1221
f 1056 1055 1221
f 1055 1048 1221
f 1049 1050 1222
f 1050 1057 1222
f 1057 1056 1222
f 1056 1049 1222
f 1050 1051 1223
f 1051 1058 1223
f 1058 1057 1223
f 1057 1050 1223
f 1051 1052 1224
f 1052 1059 1224
f 1059 1058 1224
f 1058 1051 1224
f 1052 653 1225
f 653 662 1225
f 662 1059 1225
f 1059 1052 1225
f 271 1053 1226
f 1053 1060 1226
f 1060 280 1226
f 280 271 1226
f 1053 1054 1227
f 1054 1061 1227
f 1061 1060 1227
f 1060 1053 1227
f 1054 1055 1228
f 1055 1062 1228
f 1062 1061 1228
f 1061 1054 1228
f 1055 1056 1229
f 1056 1063 1229
f 1063 1062 1229
f 1062 1055 1229
f 1056 1057 1230
f 1057 1064 1230
f 1064 1063 1230
f 1063 1056 1230
f 1057 1058 1231
f 1058 1065 1231
f 1065 1064 1231
f 1064 1057 1231
f 1058 1059 1232
f 1059 1066 1232
f 1066 1065 1232
f 1065 1058 1232
f 1059 662 1233
f 662 671 1233
f 671 1066 1233
f 1066 1059 1233
f 280 1060 1234
f 1060 1067 1234
f 1067 289 1234
f 289 280 1234
f 1060 1061 1235
f 1061 1068 1235
f 1068 1067 1235
f 1067 1060 1235
f 1061 1062 1236
f 1062 1069 1236
f 1069 1068 1236
f 1068 1061 1236
f 1062 1063 1237
f 1063 1070 1237
f 1070 1069 1237
f 1069 1062 1237
f 1063 1064 1238
f 1064 1071 1238
f 1071 1070 1238
f 1070 1063 1238
f 1064 1065 1239
f 1065 1072 1239
f 1072 1071 1239
f 1071 1064 1239
f 1065 1066 1240
f 1066 1073 1240
f 1073 1072 1240
f 1072 1065 1240
f 1066 671 1241
f 671 680 1241
f 680 1073 1241
f 1073 1066 1241
f 289 1067 1242
f 1067 1074 1242
f 1074 298 1242
f 298 289 1242
f 1067 1068 1243
f 1068 1075 1243
f 1075 1074 1243
f 1074 1067 1243
f 1068 1069 1244
f 1069 1076 1244
f 1076 1075 1244
f 1075 1068 1244
f 1069 1070 1245
f 1070 1077 1245
f 1077 1076 1245
f 1076 1069 1245
f 1070 1071 1246
f 1071 1078 1246
f 1078 1077 1246
f 1077 1070 1246
f 1071 1072 1247
f 1072 1079 1247
f 1079 1078 1247
f 1078 1071 1247
f 1072 1073 1248
f 1073 1080 1248
f 1080 1079 1248
f 1079 1072 1248
f 1073 680 1249
f 680 689 1249
f 689 1080 1249
f 1080 1073 1249
f 298 1074 1250
f 1074 1081 1250
f 1081 307 1250
f 307 298 1250
f 1074 1075 1251
f 1075 1082 1251
f 1082 1081 1251
f 1081 1074 1251
f 1075 1076 1252
f 1076 1083 1252
f 1083 1082 1252
f 1082 1075 1252
f 1076 1077 1253
f 1077 1084 1253
f 1084 1083 1253
f 1083 1076 1253
f 1077 1078 1254
f 1078 1085 1254
f 1085 1084 1254
f 1084 1077 1254
f 1078 1079 1255
f 1079 1086 1255
f 1086 1085 1255
f 1085 1078 1255
f 1079 1080 1256
f 1080 1087 1256
f 1087 1086 1256
f 1086 1079 1256
f 1080 689 1257
f 689 698 1257
f 698 1087 1257
f 1087 1080 1257
f 307 1081 1258
f 1081 1088 1258
f 1088 316 1258
f 316 307 1258
f 1081 1082 1259
f 1082 1089 1259
f 1089 1088 1259
f 1088 1081 1259
f 1082 1083 1260
f 1083 1090 1260
f 1090 1089 1260
f 1089 1082 1260
f 1083 1084 1261
f 1084 1091 1261
f 1091 1090 1261
f 1090 1083 1261
f 1084 1085 1262
f 1085 1092 1262
f 1092 1091 1262
f 1091 1084 1262
f 1085 1086 1263
f 1086 1093 1263
f 1093 1092 1263
f 1092 1085 1263
f 1086 1087 1264
f 1087 1094 1264
f 1094 1093 1264
f 1093 1086 1264
f 1087 698 1265
f 698 707 1265
f 707 1094 1265
f 1094 1087 1265
f 316 1088 1266
f 1088 1095 1266
f 1095 325 1266
f 325 316 1266
f 1088 1089 1267
f 1089 1096 1267
f 1096 1095 1267
f 1095 1088 1267
f 1089 1090 1268
f 1090 1097 1268
f 1097 1096 1268
f 1096 1089 1268
f 1090 1091 1269
f 1091 1098 1269
f 1098 1097 1269
f 1097 1090 1269
f 1091 1092 1270
f 1092 1099 1270
f 1099 1098 1270
f 1098 1091 1270
f 1092 1093 1271
f 1093 1100 1271
f 1100 1099 1271
f 1099 1092 1271
f 1093 1094 1272
f 1094 1101 1272
f 1101 1100 1272
f 1100 1093 1272
f 1094 707 1273
f 707 716 1273
f 716 1101 1273
f 1101 1094 1273
f 325 1095 1274
f 1095 1102 1274
f 1102 334 1274
f 334 325 1274
f 1095 1096 1275
f 1096 1103 1275
f 1103 1102 1275
f 1102 1095 1275
f 1096 1097 1276
f 1097 1104 1276
f 1104 1103 1276
f 1103 1096 1276
f 1097 1098 1277
f 1098 1105 1277
f 1105 1104 1277
f 1104 1097 1277
f 1098 1099 1278
f 1099 1106 1278
f 1106 1105 1278
f 1105 1098 1278
f 1099 1100 1279
f 1100 1107 1279
f 1107 1106 1279
f 1106 1099 1279
f 1100 1101 1280
f 1101 1108 1280
f 1108 1107 1280
f 1107 1100 1280
f 1101 716 1281
f 716 725 1281
f 725 1108 1281
f 1108 1101 1281
f 334 1102 1282
f 1102 1109 1282
f 1109 343 1282
f 343 334 1282
f 1102 1103 1283
f 1103 1110 1283
f 1110 1109 1283
f 1109 1102 1283
f 1103 1104 1284
f 1104 1111 1284
f 1111 1110 1284
f 1110 1103 1284
f 1104 1105 1285
f 1105 1112 1285
f 1112 1111 1285
f 1111 1104 1285
f 1105 1106 1286
f 1106 1113 1286
f 1113 1112 1286
f 1112 1105 1286
f 1106 1107 1287
f 1107 1114 1287
f 1114 1113 1287
f 1113 1106 1287
f 1107 1108 1288
f 1108 1115 1288
f 1115 1114 1288
f 1114 1107 1288
f 1108 725 1289
f 725 734 1289
f 734 1115 1289
f 1115 1108 1289
f 343 1109 1290
f 1109 1116 1290
f 1116 352 1290
f 352 343 1290
f 1109 1110 1291
f 1110 1117 1291
f 1117 1116 1291
f 1116 1109 1291
f 1110 1111 1292
f 1111 1118 1292
f 1118 1117 1292
f 1117 1110 1292
f 1111 1112 1293
f 1112 1119 1293
f 1119 1118 1293
f 1118 1111 1293
f 1112 1113 1294
f 1113 1120 1294
f 1120 1119 1294
f 1119 1112 1294
f 1113 1114 1295
f 1114 1121 1295
f 1121 1120 1295
f 1120 1113 1295
f 1114 1115 1296
f 1115 1122 1296
f 1122 1121 1296
f 1121 1114 1296
f 1115 734 1297
f 734 743 1297
f 743 1122 1297
f 1122 1115 1297
f 352 1116 1298
f 1116 1123 1298
f 1123 361 1298
f 361 352 1298
f 1116 1117 1299
f 1117 1124 1299
f 1124 1123 1299
f 1123 1116 1299
f 1117 1118 1300
f 1118 1125 1300
f 1125 1124 1300
f 1124 1117 1300
f 1118 1119 1301
f 1119 1126 1301
f 1126 1125 1301
f 1125 1118 1301
f 1119 1120 1302
f 1120 1127 1302
f 1127 1126 1302
f 1126 1119 1302
f 1120 1121 1303
f 1121 1128 1303
f 1128 1127 1303
f 1127 1120 1303
f 1121 1122 1304
f 1122 1129 1304
f 1129 1128 1304
f 1128 1121 1304
f 1122 743 1305
f 743 752 1305
f 752 1129 1305
f 1129 1122 1305
f 361 1123 1306
f 1123 1130 1306
f 1130 370 1306
f 370 361 1306
f 1123 1124 1307
f 1124 1131 1307
f 1131 1130 1307
f 1130 1123 1307
f 1124 1125 1308
f 1125 1132 1308
f 1132 1131 1308
f 1131 1124 1308
f 1125 1126 1309
f 1126 1133 1309
f 1133 1132 1309
f 1132 1125 1309
f 1126 1127 1310
f 1127 1134 1310
f 1134 1133 1310
f 1133 1126 1310
f 1127 1128 1311
f 1128 1135 1311
f 1135 1134 1311
f 1134 1127 1311
f 1128 1129 1312
f 1129 1136 1312
f 1136 1135 1312
f 1135 1128 1312
f 1129 752 1313
f 752 761 1313
f 761 1136 1313
f 1136 1129 1313
f 370 1130 1314
f 1130 1137 1314
f 1137 379 1314
f 379 370 1314
f 1130 1131 1315
f 1131 1138 1315
f 1138 1137 1315
f 1137 1130 1315
f 1131 1132 1316
f 1132 1139 1316
f 1139 1138 1316
f 1138 1131 1316
f 1132 1133 1317
f 1133 1140 1317
f 1140 1139 1317
f 1139 1132 1317
f 1133 1134 1318
f 1134 1141 1318
f 1141 1140 1318
f 1140 1133 1318
f 1134 1135 1319
f 1135 1142 1319
f 1142 1141 1319
f 1141 1134 1319
f 1135 1136 1320
f 1136 1143 1320
f 1143 1142 1320
f 1142 1135 1320
f 1136 761 1321
f 761 770 1321
f 770 1143 1321
f 1143 1136 1321
f 379 1137 1322
f 1137 1144 1322
f 1144 388 1322
f 388 379 1322
f 1137 1138 1323
f 1138 1145 1323
f 1145 1144 1323
f 1144 1137 1323
f 1138 1139 1324
f 1139 1146 1324
f 1146 1145 1324
f 1145 1138 1324
f 1139 1140 1325
f 1140 1147 1325
f 1147 1146 1325
f 1146 1139 1325
f 1140 1141 1326
f 1141 1148 1326
f 1148 1147 1326
f 1147 1140 1326
f 1141 1142 1327
f 1142 1149 1327
f 1149 1148 1327
f 1148 1141 1327
f 1142 1143 1328
f 1143 1150 1328
f 1150 1149 1328
f 1149 1142 1328
f 1143 770 1329
f 770 779 1329
f 779 1150 1329
f 1150 1143 1329
f 388 1144 1330
f 1144 1151 1330
f 1151 397 1330
f 397 388 1330
f 1144 1145 1331
f 1145 1152 1331
f 1152 1151 1331
f 1151 1144 1331
f 1145 1146 1332
f 1146 1153 1332
f 1153 1152 1332
f 1152 1145 1332
f 1146 1147 1333
f 1147 1154 1333
f 1154 1153 1333
f 1153 1146 1333
f 1147 1148 1334
f 1148 1155 1334
f 1155 1154 1334
f 1154 1147 1334
f 1148 1149 1335
f 1149 1156 1335
f 1156 1155 1335
f 1155 1148 1335
f 1149 1150 1336
f 1150 1157 1336
f 1157 1156 1336
f 1156 1149 1336
f 1150 779 1337
f 779 788 1337
f 788 1157 1337
f 1157 1150 1337
f 397 1151 1338
f 1151 1158 1338
f 1158 406 1338
f 406 397 1338
f 1151 1152 1339
f 1152 1159 1339
f 1159 1158 1339
f 1158 1151 1339
f 1152 1153 1340
f 1153 1160 1340
f 1160 1159 1340
f 1159 1152 1340
f 1153 1154 1341
f 1154 1161 1341
f 1161 1160 1341
f 1160 1153 1341
f 1154 1155 1342
f 1155 1162 1342
f 1162 1161 1342
f 1161 1154 1342
f 1155 1156 1343
f 1156 1163 1343
f 1163 1162 1343
f 1162 1155 1343
f 1156 1157 1344
f 1157 1164 1344
f 1164 1163 1344
f 1163 1156 1344
f 1157 788 1345
f 788 797 1345
f 797 1164 1345
f 1164 1157 1345
f 406 1158 1346
f 1158 1165 1346
f 1165 415 1346
f 415 406 1346
f 1158 1159 1347
f 1159 1166 1347
f 1166 1165 1347
f 1165 1158 1347
f 1159 1160 1348
f 1160 1167 1348
f 1167 1166 1348
f 1166 1159 1348
f 1160 1161 1349
f 1161 1168 1349
f 1168 1167 1349
f 1167 1160 1349
f 1161 1162 1350
f 1162 1169 1350
f 1169 1168 1350
f 1168 1161 1350
f 1162 1163 1351
f 1163 1170 1351
f 1170 1169 1351
f 1169 1162 1351
f 1163 1164 1352
f 1164 1171 1352
f 1171 1170 1352
f 1170 1163 1352
f 1164 797 1353
f 797 806 1353
f 806 1171 1353
f 1171 1164 1353
f 415 1165 1354
f 1165 1172 1354
f 1172 424 1354
f 424 415 1354
f 1165 1166 1355
f 1166 1173 1355
f 1173 1172 1355
f 1172 1165 1355
f 1166 1167 1356
f 1167 1174 1356
f 1174 1173 1356
f 1173 1166 1356
f 1167 1168 1357
f 1168 1175 1357
f 1175 1174 1357
f 1174 1167 1357
f 1168 1169 1358
f 1169 1176 1358
f 1176 1175 1358
f 1175 1168 1358
f 1169 1170 1359
f 1170 1177 1359
f 1177 1176 1359
f 1176 1169 1359
f 1170 1171 1360
f 1171 1178 1360
f 1178 1177 1360
f 1177 1170 1360
f 1171 806 1361
f 806 815 1361
f 815 1178 1361
f 1178 1171 1361
f 424 1172 1362
f 1172 1179 1362
f 1179 433 1362
f 433 424 1362
f 1172 1173 1363
f 1173 1180 1363
f 1180 1179 1363
f 1179 1172 1363
f 1173 1174 1364
f 1174 1181 1364
f 1181 1180 1364
f 1180 1173 1364
f 1174 1175 1365
f 1175 1182 1365
f 1182 1181 1365
f 1181 1174 1365
f 1175 1176 1366
f 1176 1183 1366
f 1183 1182 1366
f 1182 1175 1366
f 1176 1177 1367
f 1177 1184 1367
f 1184 1183 1367
f 1183 1176 1367
f 1177 1178 1368
f 1178 1185 1368
f 1185 1184 1368
f 1184 1177 1368
f 1178 815 1369
f 815 824 1369
f 824 1185 1369
f 1185 1178 1369
f 433 1179 1370
f 1179 99 1370
f 99 90 1370
f 90 433 1370
f 1179 1180 1371
f 1180 108 1371
f 108 99 1371
f 99 1179 1371
f 1180 1181 1372
f 1181 117 1372
f 117 108 1372
f 108 1180 1372
f 1181 1182 1373
f 1182 126 1373
f 126 117 1373
f 117 1181 1373
f 1182 1183 1374
f 1183 135 1374
f 135 126 1374
f 126 1182 1374
f 1183 1184 1375
f 1184 144 1375
f 144 135 1375
f 135 1183 1375
f 1184 1185 1376
f 1185 153 1376
f 153 144 1376
f 144 1184 1376
f 1185 824 1377
f 824 162 1377
f 162 153 1377
f 153 1185 1377
f 73 64 1539
f 64 1378 1539
f 1378 634 1539
f 634 73 1539
f 64 55 1540
f 55 1379 1540
f 1379 1378 1540
f 1378 64 1540
f 55 46 1541
f 46 1380 1541
f 1380 1379 1541
f 1379 55 1541
f 46 37 1542
f 37 1381 1542
f 1381 1380 1542
f 1380 46 1542
f 37 28 1543
f 28 1382 1543
f 1382 1381 1543
f 1381 37 1543
f 28 19 1544
f 19 1383 1544
f 1383 1382 1544
f 1382 28 1544
f 19 10 1545
f 10 1384 1545
f 1384 1383 1545
f 1383 19 1545
f 10 1 1546
f 1 227 1546
f 227 1384 1546
f 1384 10 1546
f 634 1378 1547
f 1378 1385 1547
f 1385 643 1547
f 643 634 1547
f 1378 1379 1548
f 1379 1386 1548
f 1386 1385 1548
f 1385 1378 1548
f 1379 1380 1549
f 1380 1387 1549
f 1387 1386 1549
f 1386 1379 1549
f 1380 1381 1550
f 1381 1388 1550
f 1388 1387 1550
f 1387 1380 1550
f 1381 1382 1551
f 1382 1389 1551
f 1389 1388 1551
f 1388 1381 1551
f 1382 1383 1552
f 1383 1390 1552
f 1390 1389 1552
f 1389 1382 1552
f 1383 1384 1553
f 1384 1391 1553
f 1391 1390 1553
f 1390 1383 1553
f 1384 227 1554
f 227 236 1554
f 236 1391 1554
f 1391 1384 1554
f 643 1385 1555
f 1385 1392 1555
f 1392 652 1555
f 652 643 1555
f 1385 1386 1556
f 1386 1393 1556
f 1393 1392 1556
f 1392 1385 1556
f 1386 1387 1557
f 1387 1394 1557
f 1394 1393 1557
f 1393 1386 1557
f 1387 1388 1558
f 1388 1395 1558
f 1395 1394 1558
f 1394 1387 1558
f 1388 1389 1559
f 1389 1396 1559
f 1396 1395 1559
f 1395 1388 1559
f 1389 1390 1560
f 1390 1397 1560
f 1397 1396 1560
f 1396 1389 1560
f 1390 1391 1561
f 1391 1398 1561
f 1398 1397 1561
f 1397 1390 1561
f 1391 236 1562
f 236 245 1562
f 245 1398 1562
f 1398 1391 1562
f 652 1392 1563
f 1392 1399 1563
f 1399 661 1563
f 661 652 1563
f 1392 1393 1564
f 1393 1400 1564
f 1400 1399 1564
f 1399 1392 1564
f 1393 1394 1565
f 1394 1401 1565
f 1401 1400 1565
f 1400 1393 1565
f 1394 1395 1566
f 1395 1402 1566
f 1402 1401 1566
f 1401 1394 1566
f 1395 1396 1567
f 1396 1403 1567
f 1403 1402 1567
f 1402 1395 1567
f 1396 1397 1568
f 1397 1404 1568
f 1404 1403 1568
f 1403 1396 1568
f 1397 1398 1569
f 1398 1405 1569
f 1405 1404 1569
f 1404 1397 1569
f 1398 245 1570
f 245 254 1570
f 254 1405 1570
f 1405 1398 1570
f 661 1399 1571
f 1399 1406 1571
f 1406 670 1571
f 670 661 1571
f 1399 1400 1572
f 1400 1407 1572
f 1407 1406 1572
f 1406 1399 1572
f 1400 1401 1573
f 1401 1408 1573
f 1408 1407 1573
f 1407 1400 1573
f 1401 1402 1574
f 1402 1409 1574
f 1409 1408 1574
f 1408 1401 1574
f 1402 1403 1575
f 1403 1410 1575
f 1410 1409 1575
f 1409 1402 1575
f 1403 1404 1576
f 1404 1411 1576
f 1411 1410 1576
f 1410 1403 1576
f 1404 1405 1577
f 1405 1412 1577
f 1412 1411 1577
f 1411 1404 1577
f 1405 254 1578
f 254 263 1578
f 263 1412 1578
f 1412 1405 1578
f 670 1406 1579
f 1406 1413 1579
f 1413 679 1579
f 679 670 1579
f 1406 1407 1580
f 1407 1414 1580
f 1414 1413 1580
f 1413 1406 1580
f 1407 1408 1581
f 1408 1415 1581
f 1415 1414 1581
f 1414 1407 1581
f 1408 1409 1582
f 1409 1416 1582
f 1416 1415 1582
f 1415 1408 1582
f 1409 1410 1583
f 1410 1417 1583
f 1417 1416 1583
f 1416 1409 1583
f 1410 1411 1584
f 1411 1418 1584
f 1418 1417 1584
f 1417 1410 1584
f 1411 1412 1585
f 1412 1419 1585
f 1419 1418 1585
f 1418 1411 1585
f 1412 263 1586
f 263 272 1586
f 272 1419 1586
f 1419 1412 1586
f 679 1413 1587
f 1413 1420 1587
f 1420 688 1587
f 688 679 1587
f 1413 1414 1588
f 1414 1421 1588
f 1421 1420 1588
f 1420 1413 1588
f 1414 1415 1589
f 1415 1422 1589
f 1422 1421 1589
f 1421 1414 1589
f 1415 1416 1590
f 1416 1423 1590
f 1423 1422 1590
f 1422 1415 1590
f 1416 1417 1591
f 1417 1424 1591
f 1424 1423 1591
f 1423 1416 1591
f 1417 1418 1592
f 1418 1425 1592
f 1425 1424 1592
f 1424 1417 1592
f 1418 1419 1593
f 1419 1426 1593
f 1426 1425 1593
f 1425 1418 1593
f 1419 272 1594
f 272 281 1594
f 281 1426 1594
f 1426 1419 1594
f 688 1420 1595
f 1420 1427 1595
f 1427 697 1595
f 697 688 1595
f 1420 1421 1596
f 1421 1428 1596
f 1428 1427 1596
f 1427 1420 1596
f 1421 1422 1597
f 1422 1429 1597
f 1429 1428 1597
f 1428 1421 1597
f 1422 1423 1598
f 1423 1430 1598
f 1430 1429 1598
f 1429 1422 1598
f 1423 1424 1599
f 1424 1431 1599
f 1431 1430 1599
f 1430 1423 1599
f 1424 1425 1600
f 1425 1432 1600
f 1432 1431 1600
f 1431 1424 1600
f 1425 1426 1601
f 1426 1433 1601
f 1433 1432 1601
f 1432 1425 1601
f 1426 281 1602
f 281 290 1602
f 290 1433 1602
f 1433 1426 1602
f 697 1427 1603
f 1427 1434 1603
f 1434 706 1603
f 706 697 1603
f 1427 1428 1604
f 1428 1435 1604
f 1435 1434 1604
f 1434 1427 1604
f 1428 1429 1605
f 1429 1436 1605
f 1436 1435 1605
f 1435 1428 1605
f 1429 1430 1606
f 1430 1437 1606
f 1437 1436 1606
f 1436 1429 1606
f 1430 1431 1607
f 1431 1438 1607
f 1438 1437 1607
f 1437 1430 1607
f 1431 1432 1608
f 1432 1439 1608
f 1439 1438 1608
f 1438 1431 1608
f 1432 1433 1609
f 1433 1440 1609
f 1440 1439 1609
f 1439 1432 1609
f 1433 290 1610
f 290 299 1610
f 299 1440 1610
f 1440 1433 1610
f 706 1434 1611
f 1434 1441 1611
f 1441 715 1611
f 715 706 1611
f 1434 1435 1612
f 1435 1442 1612
f 1442 1441 1612
f 1441 1434 1612
f 1435 1436 1613
f 1436 1443 1613
f 1443 1442 1613
f 1442 1435 1613
f 1436 1437 1614
f 1437 1444 1614
f 1444 1443 1614
f 1443 1436 1614
f 1437 1438 1615
f 1438 1445 1615
f 1445 1444 1615
f 1444 1437 1615
f 1438 1439 1616
f 1439 1446 1616
f 1446 1445 1616
f 1445 1438 1616
f 1439 1440 1617
f 1440 1447 1617
f 1447 1446 1617
f 1446 1439 1617
f 1440 299 1618
f 299 308 1618
f 308 1447 1618
f 1447 1440 1618
f 715 1441 1619
f 1441 1448 1619
f 1448 724 1619
f 724 715 1619
f 1441 1442 1620
f 1442 1449 1620
f 1449 1448 1620
f 1448 1441 1620
f 1442 1443 1621
f 1443 1450 1621
f 1450 1449 1621
f 1449 1442 1621
f 1443 1444 1622
f 1444 1451 1622
f 1451 1450 1622
f 1450 1443 1622
f 1444 1445 1623
f 1445 1452 1623
f 1452 1451 1623
f 1451 1444 1623
f 1445 1446 1624
f 1446 1453 1624
f 1453 1452 1624
f 1452 1445 1624
f 1446 1447 1625
f 1447 1454 1625
f 1454 1453 1625
f 1453 1446 1625
f 1447 308 1626
f 308 317 1626
f 317 1454 1626
f 1454 1447 1626
f 724 1448 1627
f 1448 1455 1627
f 1455 733 1627
f 733 724 1627
f 1448 1449 1628
f 1449 1456 1628
f 1456 1455 1628
f 1455 1448 1628
f 1449 1450 1629
f 1450 1457 1629
f 1457 1456 1629
f 1456 1449 1629
f 1450 1451 1630
f 1451 1458 1630
f 1458 1457 1630
f 1457 1450 1630
f 1451 1452 1631
f 1452 1459 1631
f 1459 1458 1631
f 1458 1451 1631
f 1452 1453 1632
f 1453 1460 1632
f 1460 1459 1632
f 1459 1452 1632
f 1453 1454 1633
f 1454 1461 1633
f 1461 1460 1633
f 1460 1453 1633
f 1454 317 1634
f 317 326 1634
f 326 1461 1634
f 1461 1454 1634
f 733 1455 1635
f 1455 1462 1635
f 1462 742 1635
f 742 733 1635
f 1455 1456 1636
f 1456 1463 1636
f 1463 1462 1636
f 1462 1455 1636
f 1456 1457 1637
f 1457 1464 1637
f 1464 1463 1637
f 1463 1456 1637
f 1457 1458 1638
f 1458 1465 1638
f 1465 1464 1638
f 1464 1457 1638
f 1458 1459 1639
f 1459 1466 1639
f 1466 1465 1639
f 1465 1458 1639
f 1459 1460 1640
f 1460 1467 1640
f 1467 1466 1640
f 1466 1459 1640
f 1460 1461 1641
f 1461 1468 1641
f 1468 1467 1641
f 1467 1460 1641
f 1461 326 1642
f 326 335 1642
f 335 1468 1642
f 1468 1461 1642
f 742 1462 1643
f 1462 1469 1643
f 1469 751 1643
f 751 742 1643
f 1462 1463 1644
f 1463 1470 1644
f 1470 1469 1644
f 1469 1462 1644
f 1463 1464 1645
f 1464 1471 1645
f 1471 1470 1645
f 1470 1463 1645
f 1464 1465 1646
f 1465 1472 1646
f 1472 1471 1646
f 1471 1464 1646
f 1465 1466 1647
f 1466 1473 1647
f 1473 1472 1647
f 1472 1465 1647
f 1466 1467 1648
f 1467 1474 1648
f 1474 1473 1648
f 1473 1466 1648
f 1467 1468 1649
f 1468 1475 1649
f 1475 1474 1649
f 1474 1467 1649
f 1468 335 1650
f 335 344 1650
f 344 1475 1650
f 1475 1468 1650
f 751 1469 1651
f 1469 1476 1651
f 1476 760 1651
f 760 751 1651
f 1469 1470 1652
f 1470 1477 1652
f 1477 1476 1652
f 1476 1469 1652
f 1470 1471 1653
f 1471 1478 1653
f 1478 1477 1653
f 1477 1470 1653
f 1471 1472 1654
f 1472 1479 1654
f 1479 1478 1654
f 1478 1471 1654
f 1472 1473 1655
f 1473 1480 1655
f 1480 1479 1655
f 1479 1472 1655
f 1473 1474 1656
f 1474 1481 1656
f 1481 1480 1656
f 1480 1473 1656
f 1474 1475 1657
f 1475 1482 1657
f 1482 1481 1657
f 1481 1474 1657
f 1475 344 1658
f 344 353 1658
f 353 1482 1658
f 1482 1475 1658
f 760 1476 1659
f 1476 1483 1659
f 1483 769 1659
f 769 760 1659
f 1476 1477 1660
f 1477 1484 1660
f 1484 1483 1660
f 1483 1476 1660
f 1477 1478 1661
f 1478 1485 1661
f 1485 1484 1661
f 1484 1477 1661
f 1478 1479 1662
f 1479 1486 1662
f 1486 1485 1662
f 1485 1478 1662
f 1479 1480 1663
f 1480 1487 1663
f 1487 1486 1663
f 1486 1479 1663
f 1480 1481 1664
f 1481 1488 1664
f 1488 1487 1664
f 1487 1480 1664
f 1481 1482 1665
f 1482 1489 1665
f 1489 1488 1665
f 1488 1481 1665
f 1482 353 1666
f 353 362 1666
f 362 1489 1666
f 1489 1482 1666
f 769 1483 1667
f 1483 1490 1667
f 1490 778 1667
f 778 769 1667
f 1483 1484 1668
f 1484 1491 1668
f 1491 1490 1668
f 1490 1483 1668
f 1484 1485 1669
f 1485 1492 1669
f 1492 1491 1669
f 1491 1484 1669
f 1485 1486 1670
f 1486 1493 1670
f 1493 1492 1670
f 1492 1485 1670
f 1486 1487 1671
f 1487 1494 1671
f 1494 1493 1671
f 1493 1486 1671
f 1487 1488 1672
f 1488 1495 1672
f 1495 1494 1672
f 1494 1487 1672
f 1488 1489 1673
f 1489 1496 1673
f 1496 1495 1673
f 1495 1488 1673
f 1489 362 1674
f 362 371 1674
f 371 1496 1674
f 1496 1489 1674
f 778 1490 1675
f 1490 1497 1675
f 1497 787 1675
f 787 778 1675
f 1490 1491 1676
f 1491 1498 1676
f 1498 1497 1676
f 1497 1490 1676
f 1491 1492 1677
f 1492 1499 1677
f 1499 1498 1677
f 1498 1491 1677
f 1492 1493 1678
f 1493 1500 1678
f 1500 1499 1678
f 1499 1492 1678
f 1493 1494 1679
f 1494 1501 1679
f 1501 1500 1679
f 1500 1493 1679
f 1494 1495 1680
f 1495 1502 1680
f 1502 1501 1680
f 1501 1494 1680
f 1495 1496 1681
f 1496 1503 1681
f 1503 1502 1681
f 1502 1495 1681
f 1496 371 1682
f 371 380 1682
f 380 1503 1682
f 1503 1496 1682
f 787 1497 1683
f 1497 1504 1683
f 1504 796 1683
f 796 787 1683
f 1497 1498 1684
f 1498 1505 1684
f 1505 1504 1684
f 1504 1497 1684
f 1498 1499 1685
f 1499 1506 1685
f 1506 1505 1685
f 1505 1498 1685
f 1499 1500 1686
f 1500 1507 1686
f 1507 1506 1686
f 1506 1499 1686
f 1500 1501 1687
f 1501 1508 1687
f 1508 1507 1687
f 1507 1500 1687
f 1501 1502 1688
f 1502 1509 1688
f 1509 1508 1688
f 1508 1501 1688
f 1502 1503 1689
f 1503 1510 1689
f 1510 1509 1689
f 1509 1502 1689
f 1503 380 1690
f 380 389 1690
f 389 1510 1690
f 1510 1503 1690
f 796 1504 1691
f 1504 1511 1691
f 1511 805 1691
f 805 796 1691
f 1504 1505 1692
f 1505 1512 1692
f 1512 1511 1692
f 1511 1504 1692
f 1505 1506 1693
f 1506 1513 1693
f 1513 1512 1693
f 1512 1505 1693
f 1506 1507 1694
f 1507 1514 1694
f 1514 1513 1694
f 1513 1506 1694
f 1507 1508 1695
f 1508 1515 1695
f 1515 1514 1695
f 1514 1507 1695
f 1508 1509 1696
f 1509 1516 1696
f 1516 1515 1696
f 1515 1508 1696
f 1509 1510 1697
f 1510 1517 1697
f 1517 1516 1697
f 1516 1509 1697
f 1510 389 1698
f 389 398 1698
f 398 1517 1698
f 1517 1510 1698
f 805 1511 1699
f 1511 1518 1699
f 1518 814 1699
f 814 805 1699
f 1511 1512 1700
f 1512 1519 1700
f 1519 1518 1700
f 1518 1511 1700
f 1512 1513 1701
f 1513 1520 1701
f 1520 1519 1701
f 1519 1512 1701
f 1513 1514 1702
f 1514 1521 1702
f 1521 1520 1702
f 1520 1513 1702
f 1514 1515 1703
f 1515 1522 1703
f 1522 1521 1703
f 1521 1514 1703
f 1515 1516 1704
f 1516 1523 1704
f 1523 1522 1704
f 1522 1515 1704
f 1516 1517 1705
f 1517 1524 1705
f 1524 1523 1705
f 1523 1516 1705
f 1517 398 1706
f 398 407 1706
f 407 1524 1706
f 1524 1517 1706
f 814 1518 1707
f 1518 1525 1707
f 1525 823 1707
f 823 814 1707
f 1518 1519 1708
f 1519 1526 1708
f 1526 1525 1708
f 1525 1518 1708
f 1519 1520 1709
f 1520 1527 1709
f 1527 1526 1709
f 1526 1519 1709
f 1520 1521 1710
f 1521 1528 1710
f 1528 1527 1710
f 1527 1520 1710
f 1521 1522 1711
f 1522 1529 1711
f 1529 1528 1711
f 1528 1521 1711
f 1522 1523 1712
f 1523 1530 1712
f 1530 1529 1712
f 1529 1522 1712
f 1523 1524 1713
f 1524 1531 1713
f 1531 1530 1713
f 1530 1523 1713
f 1524 407 1714
f 407 416 1714
f 416 1531 1714
f 1531 1524 1714
f 823 1525 1715
f 1525 1532 1715
f 1532 832 1715
f 832 823 1715
f 1525 1526 1716
f 1526 1533 1716
f 1533 1532 1716
f 1532 1525 1716
f 1526 1527 1717
f 1527 1534 1717
f 1534 1533 1717
f 1533 1526 1717
f 1527 1528 1718
f 1528 1535 1718
f 1535 1534 1718
f 1534 1527 1718
f 1528 1529 1719
f 1529 1536 1719
f 1536 1535 1719
f 1535 1528 1719
f 1529 1530 1720
f 1530 1537 1720
f 1537 1536 1720
f 1536 1529 1720
f 1530 1531 1721
f 1531 1538 1721
f 1538 1537 1721
f 1537 1530 1721
f 1531 416 1722
f 416 425 1722
f 425 1538 1722
f 1538 1531 1722
f 832 1532 1723
f 1532 145 1723
f 145 154 1723
f 154 832 1723
f 1532 1533 1724
f 1533 136 1724
f 136 145 1724
f 145 1532 1724
f 1533 1534 1725
f 1534 127 1725
f 127 136 1725
f 136 1533 1725
f 1534 1535 1726
f 1535 118 1726
f 118 127 1726
f 127 1534 1726
f 1535 1536 1727
f 1536 109 1727
f 109 118 1727
f 118 1535 1727
f 1536 1537 1728
f 1537 100 1728
f 100 109 1728
f 109 1536 1728
f 1537 1538 1729
f 1538 91 1729
f 91 100 1729
f 100 1537 1729
f 1538 425 1730
f 425 82 1730
f 82 91 1730
f 91 1538 1730
